date_documented,year_found,Season,Country_Code,Country,Location,latitude,longitude,UFO_shape,length_of_encounter_seconds,Description,,,,,,
10/27/2004,1966,Spring,VNM,Vietnam,Da Nang,16.054407,108.202167,Disk,300,Craft was seen at about 22:00 hours in the combat area none as I Corps. This ia about 50 miles outside of Da nang. The craft was hugh.,,,,,,
10/27/2004,1966,Spring,VNM,Vietnam,Gia Lai Province,14.058324,108.277199,Disk,600,Object moved very slow over our position. There was wind with turblence. no lights. object was Black.Huge,,,,,,
3/13/2012,1966,Summer,VNM,Vietnam,Gia Lai Province,14.058324,108.277199,Circle,480,Object was seen less than 300 feet from the ground it was in our free fire zone I was armed with a M60 michine gun I made no attempt to,,,,,,
1/17/2004,1966,Summer,VNM,Vietnam,B√¨nh ƒê·ªãnh Province,13.782967,109.219663,Circle,20,ORANGE GLOWNG LIGHT MOVING TOWARD US  STOPPING BREFLY AND BACKING UP AND THE LIGHT WENT OUT,,,,,,
6/20/2005,1966,Summer,VNM,Vietnam,Kh√°nh H√≤a Province,11.893334,109.170167,Unknown,600,The object with its bright light bounced up and down over the flightline like a bouncing ball&#44and had no engine sound.,,,,,,
12/3/2004,1967,Autumn,VNM,Vietnam,Gia Lai Province,14.058324,108.277199,Other,3600,Lights in the Nam,,,,,,
4/16/2005,1967,Autumn,VNM,Vietnam,Da Nang,16.054407,108.202167,Light,60,Bright object travelling across the sky made a sudden 90 degree turn.,,,,,,
4/27/2007,1967,Winter,VNM,Vietnam,Kh√°nh H√≤a Province,11.893334,109.170167,Cigar,30,Saw UFO when in Viet Nam..no doubt about it.,,,,,,
6/12/2007,1967,Summer,VNM,Vietnam,Gia Lai Province,14.058324,108.277199,Light,120,Submerged light under aircraft carrier.,,,,,,
10/10/2011,1967,Autumn,VNM,Vietnam,Gia Lai Province,14.058324,108.277199,Other,900,In Viet Nam night sky&#44 watched object move zig zag across sky then shoot straight up and disappear.,,,,,,
5/2/2014,1968,Winter,THA,Thailand,Udon Thani Province,17.364697,102.815892,Sphere,1800,Zig Zagging bright light over USAF Air Base in thailand 1968,,,,,,
4/16/2005,1968,Summer,THA,Thailand,Rayong Province,12.680084,101.006255,Formation,1200,Multiple lights in formation appearing on a horizontal line in the NNW sky,,,,,,
9/17/2000,1968,Winter,VNM,Vietnam,Da Nang,16.054407,108.202167,Unknown,600,Silent&#44 slow moving light that eventually took off very fast.,,,,,,
10/30/2006,1968,Summer,VNM,Vietnam,Da Nang,16.054407,108.202167,Circle,240,Clear Star lit sky.Don&#39t remember date&#44 but was not close to rain season. North east sky why on duty at airbase was watching red tracer,,,,,,
1/10/2009,1968,Summer,VNM,Vietnam,B√¨nh ƒê·ªãnh Province,14.44224,109.003713,Light,600,Navy fighter jets reported that objects had blown their doors off.,,,,,,
11/20/2001,1968,Summer,VNM,Vietnam,B√¨nh ƒê·ªãnh Province,13.782967,109.219663,Light,420,2 high altitude lights making oblique turns&#44 starts and stops&#44 and then shooting into space at incredible speed.,,,,,,
7/16/2003,1969,Winter,VNM,Vietnam,Gia Lai Province,14.058324,108.277199,Disk,900,Saucer and Dome observed by Starlite Scope in Vietnam During the War.,,,,,,
4/27/2007,1969,Summer,VNM,Vietnam,Binh Duong province,11.296371,106.806039,Unknown,120,I was on perimeter guard duty with 3 others who were off watch and asleep.I remember this vividly and can&#39t ever forget it.while lookin,,,,,,
1/5/2011,1970,Summer,PHL,Philippines,Bulacan,14.749886,120.973929,Light,20,Two UFO flying up and down back and forth in the speed of light (1970&#39s),,,,,,
6/4/2004,1970,Autumn,VNM,Vietnam,Gia Lai Province,14.058324,108.277199,Light,600,U.F.O. in Vietnam    1970,,,,,,
8/12/2008,1972,Autumn,LAO,Laos,Champasak Province,15.116667,105.783333,Circle,240,As I walked out from Pakse Tactical AFB headquarters at around 1700&#44 a bright jellyfish-like object hovered above the city.,,,,,,
3/16/2012,1972,Spring,VNM,Vietnam,Gia Lai Province,14.058324,108.277199,Circle,720,Object was about 150 meters in size was in our free kill zone I was armed but did not fire because of its size it was less than 500ft f,,,,,,
9/19/2002,1974,Summer,PHL,Philippines,Capitol Site,10.315699,123.885437,Unknown,300,A  huge craft&#44 (observed during nightime) like one entire city in the sky or millions of jetplanes flying in formation (no sound),,,,,,
5/15/2013,1975,Summer,PHL,Philippines,Pangasinan,15.916667,120.416667,Disk,3600,7 saucer shaped crafts 2 to 3 buses in diameter hoovering in line formation above much a little higher than the electric cables,,,,,,
7/16/2006,1976,Summer,PHL,Philippines,Tarlac,15.475479,120.596349,Other,600,One big object the size of four hectars and two other objects the size of four passenger buses put side by side.,,,,,,
2/16/1999,1977,Autumn,PHL,Philippines,Laguna,14.169912,121.244063,Unknown,60,While satellite gazing at night&#44 three objects moving in the upper atmosphere stopped completely for a second&#44 then proceeded in differ,,,,,,
9/2/2005,1981,Spring,PHL,Philippines,Romblon,12.879721,121.774017,Light,600,I was looking on the sky two lights moving slowly its look like they seeking each other.,,,,,,
7/23/2003,1985,Summer,THA,Thailand,Phetchabun Province,15.870032,100.992541,Triangle,300,Three U.S. Navy personel witness triangular shaped object in day time sky outside popular Thailand tourest area.,,,,,,
3/9/2004,1986,Winter,MYS,Malaysia,Pahang,3.139623,102.379101,Unknown,60,Sharp turning flying object with orange light in Malaysia. Year 1986 Feb 9th.,,,,,,
1/17/2004,1987,Spring,PHL,Philippines,Mansilingan,10.640739,122.968956,Light,120,Daylight &quot;disc&quot; ? Over Negros Island&#44 Philippines&#44 by amateur astronomer working on Observatory dome,,,,,,
2/14/2006,1987,Autumn,PHL,Philippines,Zambales,14.83863,120.284202,Triangle,1800,Philippine naval base sighting of a ufo/uso with binoculars in hand,,,,,,
7/16/2006,1991,Winter,BRN,Brunei,Bandar Seri Begawan,4.890278,114.942222,Other,15,closest encounter with a UFO - 30-40 feet away,,,,,,
1/11/2002,1994,Summer,PHL,Philippines,Romblon,12.879721,121.774017,Sphere,5,blue light flying sphere,,,,,,
8/21/2011,1995,Autumn,LAO,Laos,Luang Prahbang ,19.889271,102.133453,Triangle,120,"It was a triangular craft motionless with flasfing lights, suddenly it flipped over and took off at amazing speed it never made a sound",,,,,,
2/12/2004,1995,Winter,MYS,Malaysia,Selangor,3.043061,101.440657,Fireball,480,The sun was setting&#44 was in car with my mother heading home from grocery store.saw floating fireballs like in the sky. tought they,,,,,,
12/16/2005,1996,Spring,PHL,Philippines,Romblon,12.879721,121.774017,Formation,180,It about during the easter festivities that year when I saw three red-orange dots came together from different sides to form a perfect,,,,,,
12/2/2000,1997,Autumn,PHL,Philippines,Quezon,13.960106,122.541582,Light,300,Multi-colored &quot;pole&#44&quot; appearing to hang in the sky for several minutes before dissipating slowly&#44 from top to bottom&#44 into darkness.,,,,,,
8/28/2002,1997,Spring,SG,Singapore,Singapore,1.352083,103.819836,Disk,5,i saw this couple of years ago. never know abt this site until recently. i was staring at the skys for stars that nite&#44 suddenly&#44 i saw,,,,,,
3/4/2003,1997,Summer,SG,Singapore,Singapore,1.352083,103.819836,Other,7200,Star-Like Shaped Cruised From South To North,,,,,,
4/2/1999,1997,Autumn,THA,Thailand,Prachuap Khiri Khan Province,12.568375,99.957689,Rectangle,15,Shape of a foot-long ruler.  Seemingly semi-transparant.  4 glowing spots (not blinking) arranged evenly accross bottom.  High and extr,,,,,,
3/7/1998,1997,Winter,THA,Thailand,Phuket Province,7.880448,98.39225,Formation,615,12 slow moving red/orange pulsating objects over Phuket&#44 Thailand about 10:05 on Christmas Eve.,,,,,,
8/20/2001,1998,Winter,PHL,Philippines,Zambales,15.332977,119.975756,Triangle,900,A triangular UFO full of white lights and a blue and red light on each wing.,,,,,,
5/15/2006,1998,Spring,PHL,Philippines,Capitol Site,10.315699,123.885437,Other,5263200,End of the Century UFO,,,,,,
11/26/2003,1998,Summer,PHL,Philippines,Leyte,10.370812,124.753367,Changing,600,the object had landed in the other hill on the other side of the village we could still see it,,,,,,
11/1/1998,1998,Summer,SG,Singapore,Singapore,1.352083,103.819836,Other,600,I were on the express way when i saw an object in the sky about 200meter far looks like the Stealth floating in the sky. Many people ha,,,,,,
10/19/1999,1999,Autumn,MYS,Malaysia,Sabah,6.168561,116.234834,Fireball,240,2 glowing fireball (white blue) crossing from west coast going to Mt. Kinabalu direction. Elevation more than ten thousands feet approx,,,,,,
3/21/2003,1999,Winter,MYS,Malaysia,Selangor,3.090607,101.529597,Fireball,30,We saw a green fire ball moving fast between the cloud for about 30 secs. with no sound or and fast.,,,,,,
12/2/2000,1999,Winter,MYS,Malaysia,Sabah,5.976474,116.115777,Disk,120,Shiny metallic object&#44 disc shaped&#44 silent and hovering.,,,,,,
6/23/1999,1999,Spring,MYS,Malaysia,Negeri Sembilan,2.718592,101.948988,Other,120,Mohd Fahmi&#44 a Malaysian boy wakes up hearing sound of zinc roof being blown by strong winds.  Saw blindingly bright craft hovering near,,,,,,
8/28/2003,1999,Summer,MYS,Malaysia,Johor,1.46343,103.754715,Oval,30,maybe a shadow of an invisible UFO. maybe there can disguise like the sky&#44 but still there will be shadow for it,,,,,,
6/23/1999,1999,Spring,PHL,Philippines,Misamis Occidental,8.148388,123.837149,Triangle,5,w shape with lights on its side &#44i thought it was a migratotry bird  or a stealt flying in the night but it could not be a bird because,,,,,,
8/1/2003,2000,Spring,TLS,East Timor,Ainaro,-9.011317,125.522001,Unknown,45,There were three to four evenly spaced lights approx. 3 to 4 feet in diameter&#44 no craft visible&#44 no sound.,,,,,,
12/2/2000,2000,Autumn,MYS,Malaysia,Pahang,3.824973,103.3239,Sphere,300,I&#39m the Chinese which has staying in Malaysia (Asia Country). I saw the crafts which look like sphere shape flying in the sky for about,,,,,,
9/24/2012,2000,Spring,MYS,Malaysia,Kuala Lumpur,3.139003,101.686855,Triangle,2700,At the time of my UFO siting I was on a business trip with two of my colleagues in Malaysia. We were having dinner at one of the restau,,,,,,
9/17/2000,2000,Summer,MYS,Malaysia,Kuala Lumpur,3.139003,101.686855,Other,2,there was only one object&#44it was like falling down&#44 while the time it falling down&#44 it shown a &#39V&#39 shape&#44 i believe it was a UFO&#44 becau,,,,,,
12/2/2000,2000,Autumn,MYS,Malaysia,Sabah,5.976474,116.115777,Cigar,480,glowing white cigar shaped cylindrical object,,,,,,
2/16/2000,2000,Winter,PHL,Philippines,Aklan,11.96735,121.924759,Light,1200,The half-moon was directly over head&#44  it looked like a star&#44same brifgtness&#44 size&#44 moving n.e. 1st one 6;50 PM IT TOOK acount of 40 mi,,,,,,
6/21/2000,2000,Summer,PHL,Philippines,Romblon,12.879721,121.774017,Circle,3600,four white lights&#44 almond shaped revolving around a big invisible cirle&#44 crossing the center&#44 our cellphones were misfunctioning.,,,,,,
4/26/2000,2000,Spring,SG,Singapore,Singapore,1.352083,103.819836,Light,900,4 oval white lights circulating in the night sky.,,,,,,
5/4/2004,2000,Spring,VNM,Vietnam,,10.823099,106.629664,Light,5,Two green lights travelling at incredible speed.,,,,,,
8/5/2001,2001,Spring,BRN,Brunei,Bandar Seri Begawan,4.890278,114.942222,Light,20,Light emitting object sighted over Bandar Seri Begawan&#44 Brunei.,,,,,,
10/12/2001,2001,Autumn,KHM,Cambodia,Kranglvea,11.967,104.567,Oval,120,"During the massacre regime 1975-1979, I had seen UFO two time. One, in 1977 when I fell down from the tree, one of my legs was injured ",,,,,,
2/18/2001,2001,Winter,MYS,Malaysia,Perak,4.461934,101.166062,Disk,1500,6 UFOs appeared above an orphange in Malaysia entertaining kids with unique flight formations,,,,,,
2/18/2001,2001,Winter,MYS,Malaysia,Penang,5.41792,100.329597,Disk,1200,Orange UFOs,,,,,,
2/18/2001,2001,Winter,MYS,Malaysia,Selangor,3.509247,101.524805,Circle,300,Round orange light moved across the sky then stopped and got smaller,,,,,,
2/18/2001,2001,Winter,MYS,Malaysia,Selangor,3.010688,101.42114,Formation,900,Triangular formation of 3 crafts in the sky for 15 minutes,,,,,,
8/5/2001,2001,Spring,MYS,Malaysia,Kuala Lumpur,3.139003,101.686855,Sphere,7200,I was in a bedroom when my sister called me and ask me to watch out over a weird object in the sky . Then i go to see it at my verandah,,,,,,
10/12/2001,2001,Autumn,MYS,Malaysia,Perak,4.61175,101.113506,Fireball,1800,2 orange fireball&#44 appears and disappers in like playing with thier lights. Suddenly appears another fireball glowing for few minutes a,,,,,,
4/28/2001,2001,Spring,PHL,Philippines,Las Pi√±as,14.444546,120.993874,Oval,300,Daytime UFO with Alien on Board.  See pictures at:  www.txtct.com,,,,,,
3/4/2003,2001,Spring,SG,Singapore,Singapore,1.352083,103.819836,Teardrop,600,Two Dots,,,,,,
8/5/2001,2001,Summer,SG,Singapore,Singapore,1.352083,103.819836,Light,600,unusual big bright light in the sky,,,,,,
8/20/2001,2001,Summer,SG,Singapore,Singapore,1.352083,103.819836,Fireball,900,This was reported on Channel News Asia (www.channelnewsasia.com.sg).  http://sg.cna.mediacorpnews.com/articles/2001/08/14/singaporenews,,,,,,
8/28/2002,2001,Autumn,SG,Singapore,Singapore,1.352083,103.819836,Circle,480,they have light all round their carft.,,,,,,
10/12/2001,2001,Autumn,SG,Singapore,Singapore,1.352083,103.819836,Disk,900,&#39UFO&#39 sighted over Jurong West,,,,,,
11/20/2001,2001,Autumn,THA,Thailand,Bangkok,13.727896,100.524123,Circle,15,Round glowing circular object moving very fast toward western over Bangkok sky in Thailand. High altitude&#44 very rapidly moving lights.,,,,,,
7/16/2006,2001,Summer,THA,Thailand,Songkhla Province,7.189766,100.595381,Chevron,5,green bright light &#44high luminescence &#44flew from east to west,,,,,,
10/15/2002,2002,Spring,BRN,Brunei,Bandar Seri Begawan,4.890278,114.942222,Fireball,300,Spotted glowing green translucent object near Chung Hwa Middle School in Brunei Darussalam.,,,,,,
9/28/2002,2002,Autumn,IDN,Indonesia,North Sumatra,3.591541,98.6693,Triangle,300,Silent&#44 bright&#44 triangle shape&#44 high spped and high altitude,,,,,,
12/23/2002,2002,Autumn,MYS,Malaysia,Kuala Lumpur,3.139003,101.686855,Fireball,900,it was a red light fire ball that move slowly through the city in malaysia,,,,,,
10/15/2002,2002,Autumn,MYS,Malaysia,Sabah,5.976474,116.115777,Other,180,US training in Borneo islands or just another strange sights&#33&#33&#33&#33,,,,,,
6/12/2002,2002,Spring,MYS,Malaysia,Sarawak,4.333131,113.99486,Other,60,I was in my car on my way to town with my mum and brother when i look out the car and saw something in the sky to the west. At first i,,,,,,
8/16/2002,2002,Summer,MYS,Malaysia,Selangor,3.107094,101.608255,Light,600,UFO Three&#39s company,,,,,,
9/19/2002,2002,Autumn,MYS,Malaysia,Selangor,3.090607,101.529597,Light,600,Bright  flickering orange lights seen on a clear night sky,,,,,,
10/15/2002,2002,Autumn,PHL,Philippines,Balulang,8.454236,124.631898,Circle,300,My boyfriend and I went outside the firexit stairs on a 4 sorey building&#44 where the fm radio station is. My boyfriend first saw a white,,,,,,
2/1/2007,2002,Autumn,PHL,Philippines,Romblon,12.879721,121.774017,Changing,180,ufo appeared at the sky while we&#39re eating,,,,,,
12/9/2003,2002,Autumn,PHL,Philippines,Romblon,12.879721,121.774017,Unknown,900,It was night of the month of november&#44 there was an electric failure&#44 so the whole place was dark. Me and my sister are fond of looking,,,,,,
7/26/2002,2002,Summer,PHL,Philippines,South Cotabato,6.216667,125.066667,Cigar,7,An object&#44 a wingless aircraft&#44 resembling a giant silver colored cucumber the size of a modern Airbus hovers motionless approximately,,,,,,
10/15/2002,2002,Autumn,THA,Thailand,Phetchabun Province,15.870032,100.992541,Changing,600,you can see or documented another type ball of lights which be appearing in northeast thailand soon before end of oct. 26  2002,,,,,,
12/12/2011,2003,Spring,KHM,Cambodia,Siem Reap,13.691538,104.100133,Disk,60,Very close observation of a disc shaped craft.,,,,,,
10/31/2003,2003,Autumn,IDN,Indonesia,Central Java,-7.33683,110.498817,Disk,22,UFO in Salatiga&#44Indonesia,,,,,,
3/21/2003,2003,Winter,MYS,Malaysia,Johor,1.537886,103.660874,Disk,300,a disk shape object moving with high speed,,,,,,
12/19/2003,2003,Winter,MYS,Malaysia,Kedah,5.664394,100.901578,Circle,240,the object flying over the coconut thress for about 4 minutes and then disappeared.,,,,,,
3/21/2003,2003,Winter,MYS,Malaysia,Penang,5.263234,100.484623,Light,10,12 Objects With Yellow Light At 12:45 a.m.,,,,,,
3/21/2003,2003,Winter,MYS,Malaysia,Pahang,3.792596,101.858394,Fireball,1200,Red moving objects in the sky.,,,,,,
3/21/2003,2003,Winter,MYS,Malaysia,Johor,1.537886,103.660874,Fireball,180,saw UFO again and again,,,,,,
3/21/2003,2003,Winter,MYS,Malaysia,Kuala Lumpur,3.139003,101.686855,Unknown,300,4 glowing and moving objects&#44 halogen colour&#44 slightly bigger than a tennis ball.  The sky was very clear with patches of white clouds.,,,,,,
3/21/2003,2003,Winter,MYS,Malaysia,Selangor,3.013086,101.613804,Light,900,strange object with amber lights able to travel at a speed I have never seen before,,,,,,
7/16/2003,2003,Summer,MYS,Malaysia,Kuala Lumpur,3.139003,101.686855,Oval,210,So gra...eat,,,,,,
4/22/2003,2003,Spring,PHL,Philippines,Eastern Manila District,14.676041,121.0437,Disk,300,i was walking in our newly bought land at the province when suddenly i caughta glimpse at a mysterious saucer-like object in the sky. a,,,,,,
8/28/2003,2003,Summer,PHL,Philippines,Agus,10.266182,123.997295,Disk,30,I am looking at the clear skies near near the airplane path from Davao City to Cebu City. I was at my verandah in my home&#44 when I saw t,,,,,,
8/28/2003,2003,Summer,PHL,Philippines,Romblon,12.879721,121.774017,Light,120,formation of lights surrounding an unusual figure shaped like a fish,,,,,,
9/4/2003,2003,Summer,SG,Singapore,Singapore,1.352083,103.819836,Unknown,120,Moon-like object spotted up in the sky next to the sun during the afternoon,,,,,,
3/9/2004,2003,Autumn,THA,Thailand,Surat Thani Province,9.512017,100.013593,Changing,3600,Dramatic prove of E.T. visiting earth&#33,,,,,,
8/11/2004,2004,Summer,IDN,Indonesia,Kelapa Gading Barat,-6.15129,106.89078,Oval,120,Morphing glowing orange oval object seen on a flight from Jakarta to Tokyo,,,,,,
8/24/2004,2004,Winter,MYS,Malaysia,Sarawak,2.557429,113.001199,Other,14400,UFO bird style.,,,,,,
4/27/2004,2004,Spring,MYS,Malaysia,Negeri Sembilan,2.718592,101.948988,Other,300,Strange star busting through the sky.,,,,,,
4/9/2004,2004,Spring,MYS,Malaysia,Kuala Lumpur,3.139003,101.686855,Disk,600,i saw it in bright daylight&#44 and i cant figure out what artificial aircraft is so ...........,,,,,,
4/27/2004,2004,Spring,MYS,Malaysia,Kuala Lumpur,3.13192,101.684059,Disk,120,HBCCUFO CANADIAN REPORT:  A black object which was hovering close by.,,,,,,
7/25/2004,2004,Summer,MYS,Malaysia,Kuala Lumpur,3.139003,101.686855,Other,5,star shape object moving at high speed in a straight line. blinking and after 5 sec&#44 it was blocked from view by heavy clouds. object r,,,,,,
7/6/2010,2004,Autumn,MMR,Myanmar,Yangon,16.8,96.15,Light,60,7 sequence pics of UFO taken in Burma(Myanmar),,,,,,
11/9/2004,2004,Autumn,PHL,Philippines,Mandaluyong,14.579444,121.035917,Disk,300,saucer in the sky&#33,,,,,,
4/9/2004,2004,Spring,PHL,Philippines,Mansilingan,10.640739,122.968956,Cone,10800,At exactly 10:00 p.m. me and some of my friends and neighbors have seen a coned shaped glowing object at the sky. As we looked through,,,,,,
4/9/2004,2004,Spring,PHL,Philippines,Negros Occidental,10.9,123.083333,Disk,900,brighter light,,,,,,
4/27/2004,2004,Spring,PHL,Philippines,Mansilingan,10.640739,122.968956,Circle,10,We saw a changing colors circular object here in Bacolod City,,,,,,
1/27/2005,2004,Winter,THA,Thailand,Kamphaeng Phet Province,16.414106,99.771069,Light,2700,Whilst holidaying on the island of Koh Phangan Thailand 10 of us witnessed an extra large red pulsating star like object in the sky(we,,,,,,
5/10/2004,2004,Spring,THA,Thailand,Bangkok,13.727896,100.524123,Light,900,Floating star like objects (hundreds) rising up slowly in the sky&#44 looks like small red stars visible for 10-15mins before dissapearing,,,,,,
11/9/2004,2004,Summer,THA,Thailand,Bangkok,13.727896,100.524123,Light,300,Houndreds of strance red lights floating accross the night sky.,,,,,,
5/11/2005,2005,Spring,BRN,Brunei,,4.6,114.333333,Circle,300,Circular UFO hovering in the sky and leaving afterwards.,,,,,,
5/15/2006,2005,Spring,PHL,Philippines,Basak,10.294884,123.961941,Circle,1196,This happened last May 2005. Every night I always watch the night sky to see the star&#44Polaris. But as I was wathcing the star&#44 a craft,,,,,,
4/16/2005,2005,Winter,THA,Thailand,Chiang Mai Province,18.787744,98.993119,Sphere,300,Orange sphere in skies above Chiang Mai,,,,,,
10/11/2005,2005,Autumn,THA,Thailand,Lampang Province,18.141982,99.428349,Unknown,120,Several people in Mae Chang (Chiang Mai&#44 Northern Thailand) witnessed a strange creature.,,,,,,
5/15/2006,2006,Winter,IDN,Indonesia,West Java,-6.388877,106.830069,Oval,180,6 lights flown over dark clouds,,,,,,
2/14/2006,2006,Winter,IDN,Indonesia,West Java,-6.249028,106.996952,Unknown,15,and unidentified flying object had three lights&#44 the color of the light is red&#44green&#44and blue,,,,,,
5/15/2006,2006,Spring,IDN,Indonesia,Central Java,-6.883333,109.666667,Light,120,the images can be found at ((deleted)).  ((NUFORC Note:  Small&#44 blurry&#44 indistinct object.  PD)),,,,,,
10/31/2008,2006,Autumn,IDN,Indonesia,Central Kalimantan,-0.789275,113.921327,Oval,300,ship object was landed at the center of tol road approx 60 km from Jakarta to Cikampek in Dawuan place,,,,,,
2/1/2007,2006,Winter,PHL,Philippines,Eastern Manila District,14.65073,121.102855,Circle,9900,Sighting over Quezon City Philippines during midnight of December 31&#44 2006,,,,,,
10/30/2006,2006,Summer,PHL,Philippines,Zamboanga del Norte,8.583333,123.333333,Disk,300,25 UFO&#39s in dipolog,,,,,,
7/16/2006,2006,Summer,SG,Singapore,Singapore,1.352083,103.819836,Other,600,Aurora-like mysterious object floating in the sky.,,,,,,
7/16/2006,2006,Summer,SG,Singapore,Singapore,1.352083,103.819836,Disk,240,the black  ufo,,,,,,
12/14/2006,2006,Winter,THA,Thailand,Bangkok,13.727896,100.524123,Changing,7200,It looked light an ordinary bright star..which suddenly caught my eye as it sped in toward earth at about 80 degrees and hovered,,,,,,
5/15/2006,2006,Spring,THA,Thailand,Phuket Province,7.843899,98.293619,Changing,900,I took a 9 min video of more than 25 lights traveling E over Phuket Island&#44 Thailand.  ((NUFORC Note:  Possible lanterns??  PD)),,,,,,
1/10/2009,2007,Winter,PHL,Philippines,Southern Manila District,14.537752,121.001379,Disk,60,Strange disk shaped object hovering at the side of a building in Manila&#44 Philippines.,,,,,,
4/27/2007,2007,Spring,PHL,Philippines,Batangas,13.756465,121.058308,Disk,120,white round object flew from the open sky into the clouds and disappeared,,,,,,
6/12/2007,2007,Spring,PHL,Philippines,Balulang,8.454236,124.631898,Light,630,Lights ove Cagayan de Oro&#44 Philippines,,,,,,
8/7/2007,2007,Summer,PHL,Philippines,Southern Manila District,14.48107,121.030995,Cone,1800,Report from U. S. serviceman:  Strange object/funnel cloud with two steady lights moving over south central Iraq.,,,,,,
2/1/2007,2007,Winter,SG,Singapore,Singapore,1.352083,103.819836,Sphere,10,A bright light across the sky took many Singaporeans by surprise on Sunday evening.,,,,,,
11/28/2007,2007,Autumn,THA,Thailand,Bangkok,13.727896,100.524123,Changing,7200,Life UFO Movement over Bangkok 4:00~6:00 on East Side 1 months already.  ((NUFORC Note:  Sighting of Venus?  PD)),,,,,,
11/28/2007,2007,Autumn,THA,Thailand,Phuket Province,7.843899,98.293619,Oval,240,An orange&#44 oval shaped&#44 glowing object was traveling relatively slowly in an easterly direction over the Andaman Sea.  It stopped&#44 and,,,,,,
7/22/2013,2007,Summer,THA,Thailand,Phuket Province,7.880448,98.39225,Circle,360,3 white circle circular shaped UFO in Phuket Thailand.,,,,,,
6/12/2008,2008,Summer,KHM,Cambodia,Cambodia,11.562108,104.888535,Unknown,2,"Hi, According to the Cambodian newspaper ""Phnom Penh Post"", on May 27, 2008 farmers/fishermen heard explosion in the sky and saw metal",,,,,,
1/10/2009,2008,Winter,IDN,Indonesia,West Java,-6.6,106.8,Oval,240,Mysterious glowing aeroplane at night,,,,,,
10/31/2008,2008,Autumn,MYS,Malaysia,Kuala Lumpur,3.139003,101.686855,Disk,300,A huge &quot;creature&quot; built up with a line of bright line with a red light at the middle top of it&#44 appears in the dark clear Malaysia sky&#33,,,,,,
7/5/2008,2008,Spring,MYS,Malaysia,Negeri Sembilan,2.718592,101.948988,Disk,2,taken on hp camera by accident on bright clouds surrounded by black stomy clouds.only find out when transferred to the laptop&#44 noticed,,,,,,
1/10/2009,2009,Winter,BRN,Brunei,Bandar Seri Begawan,4.890278,114.942222,Unknown,1200,Obj. captured in camera on new year eve fireworks photo assignment for the press agency.  ((NUFORC Note:  Aircraft&#44 we believe.  PD)),,,,,,
3/19/2009,2009,Winter,MYS,Malaysia,Sarawak,1.530976,110.34422,Teardrop,5,huge bright blue colored tail light shined in the sky,,,,,,
3/19/2009,2009,Winter,MYS,Malaysia,Selangor,3.043061,101.440657,Fireball,2,Is it comet or UFO?  ((NUFORC Note:  Possible meteor??  PD)),,,,,,
4/14/2009,2009,Spring,MYS,Malaysia,Pahang,4.210484,101.975766,Other,15,I was taking pictures of plane display on the runway at night.  ((NUFORC Note:  No photo received at NUFORC.  PD)),,,,,,
7/28/2010,2009,Spring,MYS,Malaysia,Kuala Lumpur,3.139003,101.686855,Sphere,120,Sighting of a gold chrome-like object in the skies of Malaysia.  ((NUFORC Note:  We believe it is a surface feature.  PD)),,,,,,
1/10/2009,2009,Winter,PHL,Philippines,Capitol Site,10.315699,123.885437,Circle,1500,Circular yellowish in color.,,,,,,
12/12/2009,2009,Autumn,PHL,Philippines,Cavite,14.351875,120.931505,Circle,600,I saw three objects in all appearing in intervals that lasted a few seconds &#39maybe half a minute each time.the first one appeared f,,,,,,
4/14/2009,2009,Spring,PHL,Philippines,Romblon,12.879721,121.774017,Triangle,5,the first time i saw an object in the sky at 4:30 am five dots of light in v-shape formation appeared then disappeared.,,,,,,
8/5/2009,2009,Summer,PHL,Philippines,Benguet,16.402333,120.596007,Circle,90,Lightball stopped in middle&#44 moved&#44changed course upwards&#44 rleasd another light&#44moved upwards disapprd&#44 second light moved westwards,,,,,,
6/9/2009,2009,Spring,SG,Singapore,Singapore,1.352083,103.819836,Sphere,120,Redlight over the city in singapore.,,,,,,
1/5/2011,2010,Autumn,MYS,Malaysia,Penang,5.278611,100.3875,Circle,300,UFO in Genting Malaysia,,,,,,
4/13/2010,2010,Winter,MYS,Malaysia,Johor,1.46343,103.754715,Unknown,600,i dont know,,,,,,
11/21/2010,2010,Summer,MYS,Malaysia,Sabah,5.84561,118.057056,Circle,900,very beautiful.in green colour.surround by one layer of white shining light.size like basketball.first spotted come out from the moon.i,,,,,,
1/5/2011,2010,Autumn,PHL,Philippines,Caloocan,14.743885,121.067552,Light,2100,over 50 lights appearing in the sky and landing in the jungle of Belize,,,,,,
5/12/2010,2010,Winter,PHL,Philippines,Capitol Site,10.315699,123.885437,Light,20,Unusual white light at high altitude&#44  very fast with &#39?cloaking?&#39 capabilities&#44 and maneuvers,,,,,,
4/13/2010,2010,Spring,PHL,Philippines,Ninoy Aquino,15.144985,120.588703,Disk,10,arc like not very visible UFO in philippines angeles city,,,,,,
12/12/2011,2010,Summer,PHL,Philippines,Jaro,10.72015,122.562106,Formation,30,faint-lighted glowing dots in different colors (orange&#44 green&#44 blue-green) in a triangular formation.,,,,,,
11/21/2010,2010,Autumn,PHL,Philippines,Pala-o,8.228021,124.245242,Oval,10,night sky sighting very fast moving craft in iligan city,,,,,,
4/13/2010,2010,Spring,SG,Singapore,Singapore,1.352083,103.819836,Light,1200,2 round lights fade in and out at certain interval while moving away slowly.,,,,,,
6/10/2010,2010,Summer,SG,Singapore,Singapore,1.352083,103.819836,Disk,240,UFO Spotted above northern singapore,,,,,,
11/21/2010,2010,Summer,SG,Singapore,Singapore,1.352083,103.819836,Teardrop,7200,Lying on the beach hoping to look out for stars. It was a cloudy night. But&#44 when we looked up later the sky was clear and we saw sever,,,,,,
7/10/2010,2010,Summer,VNM,Vietnam,,10.823099,106.629664,Sphere,10800,UFO sighting in Vietnam,,,,,,
12/12/2011,2011,Winter,KHM,Cambodia,Siem Reap ,13.364047,103.860313,Disk,60,Very close observation of a disc shaped craft.,,,,,,
9/9/2013,2011,Winter,IDN,Indonesia,West Sumatra,-0.95,100.353056,Light,3000,Very bright light  appeared for 50 min in the clear night sky  of  PADANG&#44 WEST SUMATERA&#44 INDONESIA&#44 for   50 min.,,,,,,
1/31/2011,2011,Winter,MYS,Malaysia,Selangor,3.107094,101.608255,Triangle,300,triangle sheped craft threw out a stone which is glowing,,,,,,
3/10/2011,2011,Spring,MYS,Malaysia,Sarawak,1.530976,110.34422,Changing,1200,Hovering Object with Flickering Colourful Lights over Kuching City&#44 Sarawak&#44 Malaysia,,,,,,
8/7/2011,2011,Summer,PHL,Philippines,Eastern Manila District,14.569805,121.078675,Fireball,300,Small orange-red &#39fireball&#39 orb moving slowly along beach,,,,,,
10/30/2012,2011,Autumn,PHL,Philippines,Southern Manila District,14.535427,121.060073,Fireball,240,Fireball coming and returning over mountain,,,,,,
7/4/2012,2011,Autumn,SG,Singapore,Singapore,1.352083,103.819836,Light,1260,It&#39s huge like it is near to the building. The color changed. The color&#44 to me&#44 I have never seen it before. It moves in a Zigzag shape,,,,,,
5/2/2011,2011,Spring,SG,Singapore,Singapore,1.352083,103.819836,Other,2,Blinking light made a zig-zag motion in a split second while flashing a very bright light and went straight up.,,,,,,
3/13/2012,2011,Spring,SG,Singapore,Singapore,1.352083,103.819836,Triangle,120,Black triangular object seen overtaking airplane during flight in Southeast Asia,,,,,,
6/20/2011,2011,Summer,SG,Singapore,Singapore,1.352083,103.819836,Light,1800,Light in the sky not moving but changing colour from blue to red to white...colour sequence chnged but craft did not move. Moved away b,,,,,,
12/12/2011,2011,Autumn,SG,Singapore,Singapore,1.352083,103.819836,Light,600,Formation of 3 starlike ufo&#39s over petrochemical port and storage facility in Singapore on the evening of the 16th of Sept. 2011,,,,,,
12/12/2011,2011,Winter,SG,Singapore,Singapore,1.352083,103.819836,Light,600,Formation of 3 starlike ufo's over petrochemical port and storage facility in Singapore on the evening of the 16th of Sept. 2011,,,,,,
10/30/2012,2012,Autumn,IDN,Indonesia,Bali,-8.519268,115.263298,,120,Strong orange light flickering in the dark cloudy rainy night,,,,,,
10/30/2012,2012,Autumn,MYS,Malaysia,Selangor,3.043061,101.440657,Light,900,Mysterious bright spot in pictures of solar hola from different persons&#44 cameras&#44 locations and nearly same timing,,,,,,
11/19/2012,2012,Autumn,MYS,Malaysia,Kuala Lumpur,3.139003,101.686855,Oval,720,2 police officers and campers saw a yellowish/red object.,,,,,,
2/3/2012,2012,Winter,MYS,Malaysia,Sabah,5.976474,116.115777,Disk,300,Strange craft in Kota Kinabalu&#44 Sabah&#44 Malaysia,,,,,,
10/30/2012,2012,Autumn,MYS,Malaysia,Klang ,3.044917,101.445564,Light,600,"Mysterious bright spot in pictures of solar hola from different persons, cameras, locations and nearly same timing",,,,,,
11/19/2012,2012,Autumn,PHL,Philippines,Romblon,12.879721,121.774017,Fireball,90,3 separate sightings of orange light in a week.,,,,,,
12/20/2012,2012,Winter,PHL,Philippines,Romblon,12.879721,121.774017,Other,180,Normal reddish star&#44 grew brighter and bigger&#44 disappeared&#44 (might) reappared and start moving left.,,,,,,
12/20/2012,2012,Winter,PHL,Philippines,Cavite,14.306694,121.01373,Light,1200,Fire orange lights over GMA&#44 Cavite&#44 Philippines.,,,,,,
5/13/2012,2012,Spring,PHL,Philippines,Cebu,11.335846,124.115636,Unknown,120,Three bright orange lights&#44 moving quite quickly northrawds&#44 then stopping and heading south before disappearing,,,,,,
7/4/2012,2012,Summer,SG,Singapore,Singapore,1.352083,103.819836,Light,60,"It's huge like it is near to the building. The color changed. The color, to me, I have never seen it before. It moves in a Zigzag shape",,,,,,
03/13/2012,2012,Summer,SG,Singapore,Borneo (between) (in flight),0.867389085,114.2120014,Triangle,120,Black triangular object seen overtaking airplane during flight in Southeast Asia,,,,,,
10/30/2012,2012,Autumn,THA,Thailand,Surat Thani Province,9.512017,100.013593,Sphere,240,2 sightings of orange orbs off the coast of Koh Samui&#44 an island in Southern Thailand.,,,,,,
10/30/2012,2012,Autumn,THA,Thailand,Surat Thani Province,9.512017,100.013593,Sphere,240,2 sightings of orange orbs off the coast of Koh Samui&#44 an island in Southern Thailand. ((ADDENDUM)),,,,,,
11/11/2013,2013,Autumn,IDN,Indonesia,West Sumatra,-0.95,100.353056,Light,7200,Thursday 25 Oct 2013 at 1950pm cyrcle with lights around flying and stand still for 2 hrs in the sky of Padang West Sumatra,,,,,,
11/20/2013,2013,Autumn,IDN,Indonesia,West Sumatra,-0.95,100.353056,Light,3600,Oval shape with very bright lights around attached to the craft.,,,,,,
12/2/2013,2013,Autumn,IDN,Indonesia,Riau,-0.589724,101.343106,Oval,3600,Oval shape craft with lights around attached to the craft. with haze.,,,,,,
12/23/2013,2013,Winter,IDN,Indonesia,West Sumatra,-0.95,100.353056,Disk,7200,Saucer type of craft with lights rotating it flying very slowly&#44 in padang&#44 west sumatra sky for 2 hours.  ((NUFORC Note:  Venus?  PD)),,,,,,
12/23/2013,2013,Winter,IDN,Indonesia,West Sumatra,-0.95,100.353056,Cylinder,5400,Again a cylinder type with very bright lights rotating it in Padang sky&#44  West Sumatra&#44 Indonesia for 1.5 hours.,,,,,,
11/20/2013,2013,Autumn,MYS,Malaysia,Kuala Lumpur,3.139003,101.686855,Changing,900,Several dotted light sourcesin in different formation and prolonged changes of direction,,,,,,
7/14/2013,2013,Summer,MYS,Malaysia,Selangor,3.509247,101.524805,Sphere,120,3 purple object flying in Selangor&#44 cheras in Malaysia.,,,,,,
8/30/2013,2013,Summer,MYS,Malaysia,Selangor,3.043061,101.440657,Triangle,60,5 DOT TRIANGLE &amp;quot;SHAPE&amp;quot; CAUGHT ON TAPE&#44KLG&#44MALAYSIA.,,,,,,
9/30/2013,2013,Autumn,MYS,Malaysia,Kuala Lumpur,3.139003,101.686855,Flash,10,Glowing snowball streak across the sky&#44 no sound.,,,,,,
11/20/2013,2013,Winter,MYS,Malaysia,Kuala Lumpur,3.140853,101.693207,Changing,300,Several dotted light sourcesin in different formation and prolonged changes of direction,,,,,,
09/30/2013,2013,Autumn,MYS,Malaysia,Kuala Lumpur,3.140853,101.693207,Flash,10,"Glowing snowball streak across the sky, no sound.",,,,,,
08/30/2013,2013,Summer,MYS,Malaysia,Klang (Selangor),3.043061,101.440657,Triangle,60,"5 DOT TRIANGLE ""SHAPE"" CAUGHT ON TAPE,KLG,MALAYSIA.",,,,,,
07/14/2013,2013,Summer,MYS,Malaysia,Selangor,3.043061,101.440657,Sphere,120,"3 purple object flying in Selangor, cheras in Malaysia.",,,,,,
11/19/2012,2013,Summer,MYS,Malaysia,Kuala Lumpur,3.140853,101.693207,Oval,720,2 police officers and campers saw a yellowish/red object.,,,,,,
8/30/2013,2013,Summer,MMR,Myanmar,Yangon,16.8,96.15,Cigar,600,While me and my friends are drinking beer&#44 these UFOs (7 or Above-like cigar but short length) fly over us.,,,,,,
8/30/2013,2013,Summer,PHL,Philippines,Bohol,9.672948,123.873002,Triangle,900,Lighted&#44 triangular shaped object observed over the Philippine islands.,,,,,,
10/14/2013,2013,Autumn,THA,Thailand,Surat Thani Province,9.512017,100.013593,Circle,45,Bright orange sphere in nighttime sky in Thailand.,,,,,,
10/23/2013,2013,Autumn,THA,Thailand,Surat Thani Province,9.512017,100.013593,Circle,60,5 bright lights above chaweng beach koh samui,,,,,,
4/4/2014,2014,Spring,IDN,Indonesia,Pasar Manggis,-6.208763,106.845599,Sphere,300,Brighter light going out from another light.,,,,,,
5/2/2014,2014,Spring,MYS,Malaysia,Kota marudu sabah ,6.485247,116.7328462,Triangle,15,3 lights with zigzag movement.,,,,,,
3/18/2014,2014,Spring,MYS,Malaysia,Kuala Lumpur,3.140853,101.693207,Changing,-,Strange lights?,,,,,,
4/24/2014,2014,Spring,PHL,Philippines,Eastern Manila District,14.676041,121.0437,Light,3,A weird flash of light appeared in the sky two times.,,,,,,
4/11/2014,2014,Spring,PHL,Philippines,Ilocos Norte,18.196013,120.592668,Light,30,Bright light like stars x two.,,,,,,
3/18/2014,2014,Spring,THA,Thailand,Loei Province,17.37021,101.900579,Rectangle,120,Geometric lights over north-east Thailand.,,,,,,
12/21/2015,2015,Winter,KHM,Cambodia,Phnom Penh ,11.562108,104.888535,Unknown,10,"11/02/2015 Above St.79BT, Boeung Tumpun, Phnom Penh, Cambodia - yellow orange fire - 10sec - the last 4seconds it went directly upward.",,,,,,
1/16/2015,2015,Winter,KHM,Cambodia,Siem Reap ,13.364047,103.860313,Fireball,480,"((HOAX??)) We were looking at the sky, because it was beautiful night and I love watching the stars.",,,,,,
1/16/2015,2015,Winter,KHM,Cambodia,Siem Reap ,13.364047,103.860313,Fireball,480,((HOAX??)) Three fireball like objects apeared in the sky for 8 minutes.,,,,,,
1/16/2015,2015,Winter,KHM,Cambodia,Siem Reap ,13.364047,103.860313,Fireball,60,((HOAX??)) 3 fireball looking object was flying in the sky then suddenly it went down and after that i heard a bunch of dogs barking.,,,,,,
9/25/2015,2015,Autumn,MYS,Malaysia,Kuala Lumpur,3.140853,101.693207,Circle,300,"Bright blue stationary light, changed to red and disappeared.",,,,,,
4/3/2015,2015,Summer,THA,Thailand,Ban Krut,11.35,99.567,Rectangle,600,Billboard of white light.,,,,,,
4/29/2016,2016,Spring,KHM,Cambodia,Sihanoukville ,10.627543,103.522141,Sphere,600,"Bright light, stationary, moved twice and instantly dassapeared",,,,,,
12/5/2016,2016,Winter,MYS,Malaysia,Johor ,1.46343,103.754715,Circle,1200,"Circle craft with blue and green light rotating around the sky, look like collecting something. ((NUFORC Note: ""Twinkling"" star?? PD))",,,,,,
7/22/2016,2016,Summer,THA,Thailand,Bangkok,13.727896,100.524123,Teardrop,-,5 tear-drop/fang-shaped objects in delta formation over Bangkok during heavy thunderstorm.,,,,,,
1/5/2016,2016,Winter,THA,Thailand,Bangkok,13.727896,100.524123,Orb,-,"Bright, stationary object in orbit above Bangkok, Thailand, on New Year's day. ((NUFORC Note: Planet near Moon? PD))",,,,,,
6/22/2017,2017,Summer,THA,Thailand,Chiang Rai ,19.90858,99.8325,Unknown,120,I was outside grilling on our patio. I was completely dark outside at around 8:05 p.m. We live near the city airport and will typical,,,,,,
7/13/2018,2018,Summer,SG,Singapore,Singapore/ Bekasi,-1.329226453,104.9215257,Triangle,4020,My brother and I saw this flying misterious object and we thought that it was a kite.But an hour later i started to think that this ob,,,,,,
11/9/2018,2018,Autumn,THA,Thailand,Pattaya ,12.927608,100.877083,Triangle,15,We have many aircraft fly over us every day from bangkok and utaphao airports we know what an aurcraft looks this craft was not a plane,,,,,,
6/27/2019,2019,Summer,MYS,Malaysia,Kuantan Pahang,3.763386,103.220184,Circle,2,"((NUFORC Note: Witness provides no text in report. Sends photo, which appears to be a lens flare. PD))",,,,,,
6/25/2020,2020,Summer,MYS,Malaysia,Sabah (Tawau),5.976474,116.115777,Light,1000,"It's look like a star but it keep flashing for like 15min plus. When I focus on it the colour change to green, then it disappear. I che",,,,,,
6/25/2020,2020,Summer,MYS,Malaysia,Kuala Terengganu ,5.3302,103.1408,Cylinder,-,"Two cylinder shape shadow sighted during routine photography. Terengganu, Malaysia",,,,,,
6/25/2020,2020,Summer,THA,Thailand,Koh Samui ,9.512017,100.013596,Unknown,5,"The UFO flew South-West to North-East & altitude under 1000 feet about Mach 2-4, there was no noise & estimated at 10-20m in length.",,,,,,
6/25/2020,2020,Summer,THA,Thailand,Bangkok,13.727896,100.524123,Triangle,10,"Flying low, just under low cloud, no typical jet sound, gliding, came from the south west flying east, triangular shape, looking from",,,,,,
01/31/2020,2020,Winter,THA,Thailand,Phuket ,7.878978,98.398392,Unknown,-,"Greetings from Thailand, coconut Island. I have not seen UFO with my eyes but since last night very strange occurrences. ((anonymous))",,,,,,
7/31/2021,2021,Summer,MYS,Malaysia,Malaysia,3.140853,101.693207,Triangle,10,"On the 10th floor balcony, we saw a triangular flying vehicle faintly in the sky.It is an equivalent triangle with a triangular dotted.",,,,,,
3/6/2023,2023,Autumn,TLS,East Timor,West Dili,-8.556856,125.56031,Chevron,8,Bright light birds flying away,,,,,,
12/20/2023,2023,Winter,THA,Thailand,Mueang Chiang Rai,19.90858,99.8325,Changing,60,Five flying objects on the sky.,,,,,,
10/28/2023,2023,Autumn,THA,Thailand,Sukhothai UNESCO world heritage site,17.00778,99.823,Other,900,"A Star like object, oval on magnification of photo.",,,,,,
7/29/2023,2023,Summer,THA,Thailand,Saphan sung,13.76531,13.76531 100.69001,Egg,2,Not bright object travelling too fast,,,,,,
7/10/2023,2023,Summer,THA,Thailand,Hat Yai,7.00836,100.47668,Circle,1200,Some type of flying object... On hover.,,,,,,
3/6/2023,2023,Spring,THA,Thailand,Malacca/Andaman sea,11.340025,95.737648,Cylinder,600,Appeared to be extension of airplane wing until it flew away.,,,,,,
,,,,,,,,,,,,,,,,
,,,,,,,,,,,,,,,,
,,,,,,,,,,,,,,,,
,,,,,,,,,,,,,,,,
,,,,,,,,,,,,,,,,
,,,,,,,,,,,,,,,,
,,,,,,,,,,,,,,,,
,,,,,,,,,,,,,,,,
,,,,,,,,,,,,,,,,
,,,,,,,,,,,,,,,,
,,,,,,,,,,,,,,,,
,,,,,,,,,,,REPORTED,POSTED,MEDIA,,,
,,,,,,,,,,,,,,,,
,,,,,,,,,,,,,,,,
,,,,,,,,,,,,,,,,
,,,,,,,,,,,,,,,,
,,,,,,,,,,,,,,,,
,,,,,,,,,,,,,,,,
,,,,,,,,,,,,,,,,
,,,,,,,,,,,,,,,,
,,,,,,,,,,,,,,,,
,,,,,,,,,,,,,,,,
,,,,,,,,,,,,,,,,
,,,,,,,,,,,,,,,,
,,,,,,,,,,,,,,,,
,,,,,,,,,,,,,,,,
,,,,,,,,,,,,,,,,
,,,,,,,,,,,,,,,,
,,,,,,,,,,,,,,,,
,,,,,,,,,,,,,,,,
,,,,,,,,,,,,,,,,
,,,,,,,,,,,,,,,,
,,,,,,,,,,,,,,,,
,,,,,,,,,,,,,,,,
,,,,,,,,,,,,,,,,
,,,,,,,,,,,,,,,,
,,,,,,,,,,,,,,,,
,,,,,,,,,,,,,,,,
,,,,,,,,,,,,,,,,
,,,,,,,,,,,,,,,,
,,,,,,,,,,,,,,,,
,,,,,,,,,,,,,,,,
,,,,,,,,,,,,,,,,
,,,,,,,,,,,,,,,,
,,,,,,,,,,,,,,,,
,,,,,,,,,,,,,,,,
,,,,,,,,,,,,,,,,
,,,,,,,,,,,,,,,,
,,,,,,,,,,,,,,,,
,,,,,,,,,,,,,,,,
,,,,,,,,,,,,,,,,
,,,,,,,,,,,,,,,,
,,,,,,,,,,,,,,,,
,,,,,,,,,,,,,,,,
,,,,,,,,,,,,,,,,
,,,,,,,,,,,,,,,,
,,,,,,,,,,,,,,,,
,,,,,,,,,,,,,,,,
,,,,,,,,,,,,,,,,
,,,,,,,,,,,,,,,,
,,,,,,,,,,,,,,,,
,,,,,,,,,,,,,,,,
,,,,,,,,,,,,,,,,
,,,,,,,,,,,,,,,,
,,,,,,,,,,,,,,,,
,,,,,,,,,,,,,,,,
,,,,,,,,,,,,,,,,
,,,,,,,,,,,,,,,,
,,,,,,,,,,,,,,,,
,,,,,,,,,,,,,,,,
,,,,,,,,,,,,,,,,
,,,,,,,,,,,,,,,,
,,,,,,,,,,,,,,,,
,,,,,,,,,,,,,,,,
,,,,,,,,,,,,,,,,
,,,,,,,,,,,,,,,,
,,,,,,,,,,,,,,,,
,,,,,,,,,,,,,,,,
,,,,,,,,,,,,,,,,
,,,,,,,,,,,,,,,,
,,,,,,,,,,,,,,,,
,,,,,,,,,,,,,,,,
,,,,,,,,,,,,,,,,
,,,,,,,,,,,,,,,,
,,,,,,,,,,,,,,,,
,,,,,,,,,,,,,,,,
,,,,,,,,,,,,,,,,
,,,,,,,,,,,,,,,,
,,,,,,,,,,,,,,,,
,,,,,,,,,,,,,,,,
,,,,,,,,,,,,,,,,
,,,,,,,,,,,,,,,,
,,,,,,,,,,,,,,,,
,,,,,,,,,,,,,,,,
,,,,,,,,,,,,,,,,
,,,,,,,,,,,,,,,,
,,,,,,,,,,,,,,,,
,,,,,,,,,,,,,,,,
,,,,,,,,,,,,,,,,
,,,,,,,,,,,,,,,,
,,,,,,,,,,,,,,,,
,,,,,,,,,,,,,,,,
,,,,,,,,,,,,,,,,
,,,,,,,,,,,,,,,,
,,,,,,,,,,,,,,,,
,,,,,,,,,,,,,,,,
,,,,,,,,,,,,,,,,
,,,,,,,,,,,,,,,,
,,,,,,,,,,,,,,,,
,,,,,,,,,,,,,,,,
,,,,,,,,,,,,,,,,
,,,,,,,,,,,,,,,,
,,,,,,,,,,,,,,,,
,,,,,,,,,,,,,,,,
,,,,,,,,,,,,,,,,
,,,,,,,,,,,,,,,,
,,,,,,,,,,,,,,,,
,,,,,,,,,,,,,,,,
,,,,,,,,,,,,,,,,
,,,,,,,,,,,,,,,,
,,,,,,,,,,,,,,,,
,,,,,,,,,,,,,,,,
,,,,,,,,,,,,,,,,
,,,,,,,,,,,,,,,,
,,,,,,,,,,,,,,,,
,,,,,,,,,,,,,,,,
,,,,,,,,,,,,,,,,
,,,,,,,,,,,,,,,,
,,,,,,,,,,,,,,,,
,,,,,,,,,,,,,,,,
,,,,,,,,,,,,,,,,
,,,,,,,,,,,,,,,,
,,,,,,,,,,,,,,,,
,,,,,,,,,,,,,,,,
,,,,,,,,,,,,,,,,
,,,,,,,,,,,,,,,,
,,,,,,,,,,,,,,,,
,,,,,,,,,,,,,,,,
,,,,,,,,,,,,,,,,
,,,,,,,,,,,,,,,,
,,,,,,,,,,,,,,,,
,,,,,,,,,,,,,,,,
,,,,,,,,,,,,,,,,
,,,,,,,,,,,,,,,,
,,,,,,,,,,,,,,,,
,,,,,,,,,,,,,,,,
,,,,,,,,,,,,,,,,
,,,,,,,,,,,,,,,,
,,,,,,,,,,,,,,,,
,,,,,,,,,,,,,,,,
,,,,,,,,,,,,,,,,
,,,,,,,,,,,,,,,,
,,,,,,,,,,,,,,,,
,,,,,,,,,,,,,,,,
,,,,,,,,,,,,,,,,
,,,,,,,,,,,,,,,,
,,,,,,,,,,,,,,,,
,,,,,,,,,,,,,,,,
,,,,,,,,,,,,,,,,
,,,,,,,,,,,,,,,,
,,,,,,,,,,,,,,,,
,,,,,,,,,,,,,,,,
,,,,,,,,,,,,,,,,
,,,,,,,,,,,,,,,,
,,,,,,,,,,,,,,,,
,,,,,,,,,,,,,,,,
,,,,,,,,,,,,,,,,
,,,,,,,,,,,,,,,,
,,,,,,,,,,,,,,,,
,,,,,,,,,,,,,,,,
,,,,,,,,,,,,,,,,
,,,,,,,,,,,,,,,,
,,,,,,,,,,,,,,,,
,,,,,,,,,,,,,,,,
,,,,,,,,,,,,,,,,
,,,,,,,,,,,,,,,,
,,,,,,,,,,,,,,,,
,,,,,,,,,,,,,,,,
,,,,,,,,,,,,,,,,
,,,,,,,,,,,,,,,,
,,,,,,,,,,,,,,,,
,,,,,,,,,,,,,,,,
,,,,,,,,,,,,,,,,
,,,,,,,,,,,,,,,,
,,,,,,,,,,,,,,,,
,,,,,,,,,,,,,,,,
,,,,,,,,,,,,,,,,
,,,,,,,,,,,,,,,,
,,,,,,,,,,,,,,,,
,,,,,,,,,,,,,,,,
,,,,,,,,,,,,,,,,
,,,,,,,,,,,,,,,,
,,,,,,,,,,,,,,,,
,,,,,,,,,,,,,,,,
,,,,,,,,,,,,,,,,
,,,,,,,,,,,,,,,,
,,,,,,,,,,,,,,,,
,,,,,,,,,,,,,,,,
,,,,,,,,,,,,,,,,
,,,,,,,,,,,,,,,,
,,,,,,,,,,,,,,,,
,,,,,,,,,,,,,,,,
,,,,,,,,,,,,,,,,
,,,,,,,,,,,,,,,,
,,,,,,,,,,,,,,,,
,,,,,,,,,,,,,,,,
,,,,,,,,,,,,,,,,
,,,,,,,,,,,,,,,,
,,,,,,,,,,,,,,,,
,,,,,,,,,,,,,,,,
,,,,,,,,,,,,,,,,
,,,,,,,,,,,,,,,,
,,,,,,,,,,,,,,,,
,,,,,,,,,,,,,,,,
,,,,,,,,,,,,,,,,
,,,,,,,,,,,,,,,,
,,,,,,,,,,,,,,,,
,,,,,,,,,,,,,,,,
,,,,,,,,,,,,,,,,
,,,,,,,,,,,,,,,,
,,,,,,,,,,,,,,,,
,,,,,,,,,,,,,,,,
,,,,,,,,,,,,,,,,
,,,,,,,,,,,,,,,,
,,,,,,,,,,,,,,,,
,,,,,,,,,,,,,,,,
,,,,,,,,,,,,,,,,
,,,,,,,,,,,,,,,,
,,,,,,,,,,,,,,,,
,,,,,,,,,,,,,,,,
,,,,,,,,,,,,,,,,
,,,,,,,,,,,,,,,,
,,,,,,,,,,,,,,,,
,,,,,,,,,,,,,,,,
,,,,,,,,,,,,,,,,
,,,,,,,,,,,,,,,,
,,,,,,,,,,,,,,,,
,,,,,,,,,,,,,,,,
,,,,,,,,,,,,,,,,
,,,,,,,,,,,,,,,,
,,,,,,,,,,,,,,,,
,,,,,,,,,,,,,,,,
,,,,,,,,,,,,,,,,
,,,,,,,,,,,,,,,,
,,,,,,,,,,,,,,,,
,,,,,,,,,,,,,,,,
,,,,,,,,,,,,,,,,
,,,,,,,,,,,,,,,,
,,,,,,,,,,,,,,,,
,,,,,,,,,,,,,,,,
,,,,,,,,,,,,,,,,
,,,,,,,,,,,,,,,,
,,,,,,,,,,,,,,,,
,,,,,,,,,,,,,,,,
,,,,,,,,,,,,,,,,
,,,,,,,,,,,,,,,,
,,,,,,,,,,,,,,,,
,,,,,,,,,,,,,,,,
,,,,,,,,,,,,,,,,
,,,,,,,,,,,,,,,,
,,,,,,,,,,,,,,,,
,,,,,,,,,,,,,,,,
,,,,,,,,,,,,,,,,
,,,,,,,,,,,,,,,,
,,,,,,,,,,,,,,,,
,,,,,,,,,,,,,,,,
,,,,,,,,,,,,,,,,
,,,,,,,,,,,,,,,,
,,,,,,,,,,,,,,,,
,,,,,,,,,,,,,,,,
,,,,,,,,,,,,,,,,
,,,,,,,,,,,,,,,,
,,,,,,,,,,,,,,,,
,,,,,,,,,,,,,,,,
,,,,,,,,,,,,,,,,
,,,,,,,,,,,,,,,,
,,,,,,,,,,,,,,,,
,,,,,,,,,,,,,,,,
,,,,,,,,,,,,,,,,
,,,,,,,,,,,,,,,,
,,,,,,,,,,,,,,,,
,,,,,,,,,,,,,,,,
,,,,,,,,,,,,,,,,
,,,,,,,,,,,,,,,,
,,,,,,,,,,,,,,,,
,,,,,,,,,,,,,,,,
,,,,,,,,,,,,,,,,
,,,,,,,,,,,,,,,,
,,,,,,,,,,,,,,,,
,,,,,,,,,,,,,,,,
,,,,,,,,,,,,,,,,
,,,,,,,,,,,,,,,,
,,,,,,,,,,,,,,,,
,,,,,,,,,,,,,,,,
,,,,,,,,,,,,,,,,
,,,,,,,,,,,,,,,,
,,,,,,,,,,,,,,,,
,,,,,,,,,,,,,,,,
,,,,,,,,,,,,,,,,
,,,,,,,,,,,,,,,,
,,,,,,,,,,,,,,,,
,,,,,,,,,,,,,,,,
,,,,,,,,,,,,,,,,
,,,,,,,,,,,,,,,,
,,,,,,,,,,,,,,,,
,,,,,,,,,,,,,,,,
,,,,,,,,,,,,,,,,
,,,,,,,,,,,,,,,,
,,,,,,,,,,,,,,,,
,,,,,,,,,,,,,,,,
,,,,,,,,,,,,,,,,
,,,,,,,,,,,,,,,,
,,,,,,,,,,,,,,,,
,,,,,,,,,,,,,,,,
,,,,,,,,,,,,,,,,
,,,,,,,,,,,,,,,,
,,,,,,,,,,,,,,,,
,,,,,,,,,,,,,,,,
,,,,,,,,,,,,,,,,
,,,,,,,,,,,,,,,,
,,,,,,,,,,,,,,,,
,,,,,,,,,,,,,,,,
,,,,,,,,,,,,,,,,
,,,,,,,,,,,,,,,,
,,,,,,,,,,,,,,,,
,,,,,,,,,,,,,,,,
,,,,,,,,,,,,,,,,
,,,,,,,,,,,,,,,,
,,,,,,,,,,,,,,,,
,,,,,,,,,,,,,,,,
,,,,,,,,,,,,,,,,
,,,,,,,,,,,,,,,,
,,,,,,,,,,,,,,,,
,,,,,,,,,,,,,,,,
,,,,,,,,,,,,,,,,
,,,,,,,,,,,,,,,,
,,,,,,,,,,,,,,,,
,,,,,,,,,,,,,,,,
,,,,,,,,,,,,,,,,
,,,,,,,,,,,,,,,,
,,,,,,,,,,,,,,,,
,,,,,,,,,,,,,,,,
,,,,,,,,,,,,,,,,
,,,,,,,,,,,,,,,,
,,,,,,,,,,,,,,,,
,,,,,,,,,,,,,,,,
,,,,,,,,,,,,,,,,
,,,,,,,,,,,,,,,,
,,,,,,,,,,,,,,,,
,,,,,,,,,,,,,,,,
,,,,,,,,,,,,,,,,
,,,,,,,,,,,,,,,,
,,,,,,,,,,,,,,,,
,,,,,,,,,,,,,,,,
,,,,,,,,,,,,,,,,
,,,,,,,,,,,,,,,,
,,,,,,,,,,,,,,,,
,,,,,,,,,,,,,,,,
,,,,,,,,,,,,,,,,
,,,,,,,,,,,,,,,,
,,,,,,,,,,,,,,,,
,,,,,,,,,,,,,,,,
,,,,,,,,,,,,,,,,
,,,,,,,,,,,,,,,,
,,,,,,,,,,,,,,,,
,,,,,,,,,,,,,,,,
,,,,,,,,,,,,,,,,
,,,,,,,,,,,,,,,,
,,,,,,,,,,,,,,,,
,,,,,,,,,,,,,,,,
,,,,,,,,,,,,,,,,
,,,,,,,,,,,,,,,,
,,,,,,,,,,,,,,,,
,,,,,,,,,,,,,,,,
,,,,,,,,,,,,,,,,
,,,,,,,,,,,,,,,,
,,,,,,,,,,,,,,,,
,,,,,,,,,,,,,,,,
,,,,,,,,,,,,,,,,
,,,,,,,,,,,,,,,,
,,,,,,,,,,,,,,,,
,,,,,,,,,,,,,,,,
,,,,,,,,,,,,,,,,
,,,,,,,,,,,,,,,,
,,,,,,,,,,,,,,,,
,,,,,,,,,,,,,,,,
,,,,,,,,,,,,,,,,
,,,,,,,,,,,,,,,,
,,,,,,,,,,,,,,,,
,,,,,,,,,,,,,,,,
,,,,,,,,,,,,,,,,
,,,,,,,,,,,,,,,,
,,,,,,,,,,,,,,,,
,,,,,,,,,,,,,,,,
,,,,,,,,,,,,,,,,
,,,,,,,,,,,,,,,,
,,,,,,,,,,,,,,,,
,,,,,,,,,,,,,,,,
,,,,,,,,,,,,,,,,
,,,,,,,,,,,,,,,,
,,,,,,,,,,,,,,,,
,,,,,,,,,,,,,,,,
,,,,,,,,,,,,,,,,
,,,,,,,,,,,,,,,,
,,,,,,,,,,,,,,,,
,,,,,,,,,,,,,,,,
,,,,,,,,,,,,,,,,
,,,,,,,,,,,,,,,,
,,,,,,,,,,,,,,,,
,,,,,,,,,,,,,,,,
,,,,,,,,,,,,,,,,
,,,,,,,,,,,,,,,,
,,,,,,,,,,,,,,,,
,,,,,,,,,,,,,,,,
,,,,,,,,,,,,,,,,
,,,,,,,,,,,,,,,,
,,,,,,,,,,,,,,,,
,,,,,,,,,,,,,,,,
,,,,,,,,,,,,,,,,
,,,,,,,,,,,,,,,,
,,,,,,,,,,,,,,,,
,,,,,,,,,,,,,,,,
,,,,,,,,,,,,,,,,
,,,,,,,,,,,,,,,,
,,,,,,,,,,,,,,,,
,,,,,,,,,,,,,,,,
,,,,,,,,,,,,,,,,
,,,,,,,,,,,,,,,,
,,,,,,,,,,,,,,,,
,,,,,,,,,,,,,,,,
,,,,,,,,,,,,,,,,
,,,,,,,,,,,,,,,,
,,,,,,,,,,,,,,,,
,,,,,,,,,,,,,,,,
,,,,,,,,,,,,,,,,
,,,,,,,,,,,,,,,,
,,,,,,,,,,,,,,,,
,,,,,,,,,,,,,,,,
,,,,,,,,,,,,,,,,
,,,,,,,,,,,,,,,,
,,,,,,,,,,,,,,,,
,,,,,,,,,,,,,,,,
,,,,,,,,,,,,,,,,
,,,,,,,,,,,,,,,,
,,,,,,,,,,,,,,,,
,,,,,,,,,,,,,,,,
,,,,,,,,,,,,,,,,
,,,,,,,,,,,,,,,,
,,,,,,,,,,,,,,,,
,,,,,,,,,,,,,,,,
,,,,,,,,,,,,,,,,
,,,,,,,,,,,,,,,,
,,,,,,,,,,,,,,,,
,,,,,,,,,,,,,,,,
,,,,,,,,,,,,,,,,
,,,,,,,,,,,,,,,,
,,,,,,,,,,,,,,,,
,,,,,,,,,,,,,,,,
,,,,,,,,,,,,,,,,
,,,,,,,,,,,,,,,,
,,,,,,,,,,,,,,,,
,,,,,,,,,,,,,,,,
,,,,,,,,,,,,,,,,
,,,,,,,,,,,,,,,,
,,,,,,,,,,,,,,,,
,,,,,,,,,,,,,,,,
,,,,,,,,,,,,,,,,
,,,,,,,,,,,,,,,,
,,,,,,,,,,,,,,,,
,,,,,,,,,,,,,,,,
,,,,,,,,,,,,,,,,
,,,,,,,,,,,,,,,,
,,,,,,,,,,,,,,,,
,,,,,,,,,,,,,,,,
,,,,,,,,,,,,,,,,
,,,,,,,,,,,,,,,,
,,,,,,,,,,,,,,,,
,,,,,,,,,,,,,,,,
,,,,,,,,,,,,,,,,
,,,,,,,,,,,,,,,,
,,,,,,,,,,,,,,,,
,,,,,,,,,,,,,,,,
,,,,,,,,,,,,,,,,
,,,,,,,,,,,,,,,,
,,,,,,,,,,,,,,,,
,,,,,,,,,,,,,,,,
,,,,,,,,,,,,,,,,
,,,,,,,,,,,,,,,,
,,,,,,,,,,,,,,,,
,,,,,,,,,,,,,,,,
,,,,,,,,,,,,,,,,
,,,,,,,,,,,,,,,,
,,,,,,,,,,,,,,,,
,,,,,,,,,,,,,,,,
,,,,,,,,,,,,,,,,
,,,,,,,,,,,,,,,,
,,,,,,,,,,,,,,,,
,,,,,,,,,,,,,,,,
,,,,,,,,,,,,,,,,
,,,,,,,,,,,,,,,,
,,,,,,,,,,,,,,,,
,,,,,,,,,,,,,,,,
,,,,,,,,,,,,,,,,
,,,,,,,,,,,,,,,,
,,,,,,,,,,,,,,,,
,,,,,,,,,,,,,,,,
,,,,,,,,,,,,,,,,
,,,,,,,,,,,,,,,,
,,,,,,,,,,,,,,,,
,,,,,,,,,,,,,,,,
,,,,,,,,,,,,,,,,
,,,,,,,,,,,,,,,,
,,,,,,,,,,,,,,,,
,,,,,,,,,,,,,,,,
,,,,,,,,,,,,,,,,
,,,,,,,,,,,,,,,,
,,,,,,,,,,,,,,,,
,,,,,,,,,,,,,,,,
,,,,,,,,,,,,,,,,
,,,,,,,,,,,,,,,,
,,,,,,,,,,,,,,,,
,,,,,,,,,,,,,,,,
,,,,,,,,,,,,,,,,
,,,,,,,,,,,,,,,,
,,,,,,,,,,,,,,,,
,,,,,,,,,,,,,,,,
,,,,,,,,,,,,,,,,
,,,,,,,,,,,,,,,,
,,,,,,,,,,,,,,,,
,,,,,,,,,,,,,,,,
,,,,,,,,,,,,,,,,
,,,,,,,,,,,,,,,,
,,,,,,,,,,,,,,,,
,,,,,,,,,,,,,,,,
,,,,,,,,,,,,,,,,
,,,,,,,,,,,,,,,,
,,,,,,,,,,,,,,,,
,,,,,,,,,,,,,,,,
,,,,,,,,,,,,,,,,
,,,,,,,,,,,,,,,,
,,,,,,,,,,,,,,,,
,,,,,,,,,,,,,,,,
,,,,,,,,,,,,,,,,
,,,,,,,,,,,,,,,,
,,,,,,,,,,,,,,,,
,,,,,,,,,,,,,,,,
,,,,,,,,,,,,,,,,
,,,,,,,,,,,,,,,,
,,,,,,,,,,,,,,,,
,,,,,,,,,,,,,,,,
,,,,,,,,,,,,,,,,
,,,,,,,,,,,,,,,,
,,,,,,,,,,,,,,,,
,,,,,,,,,,,,,,,,
,,,,,,,,,,,,,,,,
,,,,,,,,,,,,,,,,
,,,,,,,,,,,,,,,,
,,,,,,,,,,,,,,,,
,,,,,,,,,,,,,,,,
,,,,,,,,,,,,,,,,
,,,,,,,,,,,,,,,,
,,,,,,,,,,,,,,,,
,,,,,,,,,,,,,,,,
,,,,,,,,,,,,,,,,
,,,,,,,,,,,,,,,,
,,,,,,,,,,,,,,,,
,,,,,,,,,,,,,,,,
,,,,,,,,,,,,,,,,
,,,,,,,,,,,,,,,,
,,,,,,,,,,,,,,,,
,,,,,,,,,,,,,,,,
,,,,,,,,,,,,,,,,
,,,,,,,,,,,,,,,,
,,,,,,,,,,,,,,,,
,,,,,,,,,,,,,,,,
,,,,,,,,,,,,,,,,
,,,,,,,,,,,,,,,,
,,,,,,,,,,,,,,,,
,,,,,,,,,,,,,,,,
,,,,,,,,,,,,,,,,
,,,,,,,,,,,,,,,,
,,,,,,,,,,,,,,,,
,,,,,,,,,,,,,,,,
,,,,,,,,,,,,,,,,
,,,,,,,,,,,,,,,,
,,,,,,,,,,,,,,,,
,,,,,,,,,,,,,,,,
,,,,,,,,,,,,,,,,
,,,,,,,,,,,,,,,,
,,,,,,,,,,,,,,,,
,,,,,,,,,,,,,,,,
,,,,,,,,,,,,,,,,
,,,,,,,,,,,,,,,,
,,,,,,,,,,,,,,,,
,,,,,,,,,,,,,,,,
,,,,,,,,,,,,,,,,
,,,,,,,,,,,,,,,,
,,,,,,,,,,,,,,,,
,,,,,,,,,,,,,,,,
,,,,,,,,,,,,,,,,
,,,,,,,,,,,,,,,,
,,,,,,,,,,,,,,,,
,,,,,,,,,,,,,,,,
,,,,,,,,,,,,,,,,
,,,,,,,,,,,,,,,,
,,,,,,,,,,,,,,,,
,,,,,,,,,,,,,,,,
,,,,,,,,,,,,,,,,
,,,,,,,,,,,,,,,,
,,,,,,,,,,,,,,,,
,,,,,,,,,,,,,,,,
,,,,,,,,,,,,,,,,
,,,,,,,,,,,,,,,,
,,,,,,,,,,,,,,,,
,,,,,,,,,,,,,,,,
,,,,,,,,,,,,,,,,
,,,,,,,,,,,,,,,,
,,,,,,,,,,,,,,,,
,,,,,,,,,,,,,,,,
,,,,,,,,,,,,,,,,
,,,,,,,,,,,,,,,,
,,,,,,,,,,,,,,,,
,,,,,,,,,,,,,,,,
,,,,,,,,,,,,,,,,
,,,,,,,,,,,,,,,,
,,,,,,,,,,,,,,,,
,,,,,,,,,,,,,,,,
,,,,,,,,,,,,,,,,
,,,,,,,,,,,,,,,,
,,,,,,,,,,,,,,,,
,,,,,,,,,,,,,,,,
,,,,,,,,,,,,,,,,
,,,,,,,,,,,,,,,,
,,,,,,,,,,,,,,,,
,,,,,,,,,,,,,,,,
,,,,,,,,,,,,,,,,
,,,,,,,,,,,,,,,,
,,,,,,,,,,,,,,,,
,,,,,,,,,,,,,,,,
,,,,,,,,,,,,,,,,
,,,,,,,,,,,,,,,,
,,,,,,,,,,,,,,,,
,,,,,,,,,,,,,,,,
,,,,,,,,,,,,,,,,
,,,,,,,,,,,,,,,,
,,,,,,,,,,,,,,,,
,,,,,,,,,,,,,,,,
,,,,,,,,,,,,,,,,
,,,,,,,,,,,,,,,,
,,,,,,,,,,,,,,,,
,,,,,,,,,,,,,,,,
,,,,,,,,,,,,,,,,
,,,,,,,,,,,,,,,,
,,,,,,,,,,,,,,,,
,,,,,,,,,,,,,,,,
,,,,,,,,,,,,,,,,
,,,,,,,,,,,,,,,,
,,,,,,,,,,,,,,,,
,,,,,,,,,,,,,,,,
,,,,,,,,,,,,,,,,
,,,,,,,,,,,,,,,,
,,,,,,,,,,,,,,,,
,,,,,,,,,,,,,,,,
,,,,,,,,,,,,,,,,
,,,,,,,,,,,,,,,,
,,,,,,,,,,,,,,,,
,,,,,,,,,,,,,,,,
,,,,,,,,,,,,,,,,
,,,,,,,,,,,,,,,,
,,,,,,,,,,,,,,,,
,,,,,,,,,,,,,,,,
,,,,,,,,,,,,,,,,
,,,,,,,,,,,,,,,,
,,,,,,,,,,,,,,,,
,,,,,,,,,,,,,,,,
,,,,,,,,,,,,,,,,
,,,,,,,,,,,,,,,,
,,,,,,,,,,,,,,,,
,,,,,,,,,,,,,,,,
,,,,,,,,,,,,,,,,
,,,,,,,,,,,,,,,,
,,,,,,,,,,,,,,,,
,,,,,,,,,,,,,,,,
,,,,,,,,,,,,,,,,
,,,,,,,,,,,,,,,,
,,,,,,,,,,,,,,,,
,,,,,,,,,,,,,,,,
,,,,,,,,,,,,,,,,
,,,,,,,,,,,,,,,,
,,,,,,,,,,,,,,,,
,,,,,,,,,,,,,,,,
,,,,,,,,,,,,,,,,
,,,,,,,,,,,,,,,,
,,,,,,,,,,,,,,,,
,,,,,,,,,,,,,,,,
,,,,,,,,,,,,,,,,
,,,,,,,,,,,,,,,,
,,,,,,,,,,,,,,,,
,,,,,,,,,,,,,,,,
,,,,,,,,,,,,,,,,
,,,,,,,,,,,,,,,,
,,,,,,,,,,,,,,,,
,,,,,,,,,,,,,,,,
,,,,,,,,,,,,,,,,
,,,,,,,,,,,,,,,,
,,,,,,,,,,,,,,,,
,,,,,,,,,,,,,,,,
,,,,,,,,,,,,,,,,
,,,,,,,,,,,,,,,,
,,,,,,,,,,,,,,,,
,,,,,,,,,,,,,,,,
,,,,,,,,,,,,,,,,
,,,,,,,,,,,,,,,,
,,,,,,,,,,,,,,,,
,,,,,,,,,,,,,,,,
,,,,,,,,,,,,,,,,
,,,,,,,,,,,,,,,,
,,,,,,,,,,,,,,,,
,,,,,,,,,,,,,,,,
,,,,,,,,,,,,,,,,
,,,,,,,,,,,,,,,,
,,,,,,,,,,,,,,,,
,,,,,,,,,,,,,,,,
,,,,,,,,,,,,,,,,
,,,,,,,,,,,,,,,,
,,,,,,,,,,,,,,,,
,,,,,,,,,,,,,,,,
,,,,,,,,,,,,,,,,
,,,,,,,,,,,,,,,,
,,,,,,,,,,,,,,,,
,,,,,,,,,,,,,,,,
,,,,,,,,,,,,,,,,
,,,,,,,,,,,,,,,,
,,,,,,,,,,,,,,,,
,,,,,,,,,,,,,,,,
,,,,,,,,,,,,,,,,
,,,,,,,,,,,,,,,,
,,,,,,,,,,,,,,,,
,,,,,,,,,,,,,,,,
,,,,,,,,,,,,,,,,
,,,,,,,,,,,,,,,,
,,,,,,,,,,,,,,,,
,,,,,,,,,,,,,,,,
,,,,,,,,,,,,,,,,
,,,,,,,,,,,,,,,,
,,,,,,,,,,,,,,,,
,,,,,,,,,,,,,,,,
,,,,,,,,,,,,,,,,
,,,,,,,,,,,,,,,,
,,,,,,,,,,,,,,,,
,,,,,,,,,,,,,,,,
,,,,,,,,,,,,,,,,
,,,,,,,,,,,,,,,,
,,,,,,,,,,,,,,,,
,,,,,,,,,,,,,,,,
,,,,,,,,,,,,,,,,
,,,,,,,,,,,,,,,,
,,,,,,,,,,,,,,,,
,,,,,,,,,,,,,,,,
,,,,,,,,,,,,,,,,
,,,,,,,,,,,,,,,,
,,,,,,,,,,,,,,,,
,,,,,,,,,,,,,,,,
,,,,,,,,,,,,,,,,
,,,,,,,,,,,,,,,,
,,,,,,,,,,,,,,,,
,,,,,,,,,,,,,,,,
,,,,,,,,,,,,,,,,
,,,,,,,,,,,,,,,,
,,,,,,,,,,,,,,,,
,,,,,,,,,,,,,,,,
,,,,,,,,,,,,,,,,
,,,,,,,,,,,,,,,,
,,,,,,,,,,,,,,,,
,,,,,,,,,,,,,,,,
,,,,,,,,,,,,,,,,
,,,,,,,,,,,,,,,,
,,,,,,,,,,,,,,,,
,,,,,,,,,,,,,,,,
,,,,,,,,,,,,,,,,
,,,,,,,,,,,,,,,,
,,,,,,,,,,,,,,,,
,,,,,,,,,,,,,,,,
,,,,,,,,,,,,,,,,
,,,,,,,,,,,,,,,,
,,,,,,,,,,,,,,,,
,,,,,,,,,,,,,,,,
,,,,,,,,,,,,,,,,
,,,,,,,,,,,,,,,,
,,,,,,,,,,,,,,,,
,,,,,,,,,,,,,,,,
,,,,,,,,,,,,,,,,
,,,,,,,,,,,,,,,,
,,,,,,,,,,,,,,,,
,,,,,,,,,,,,,,,,
,,,,,,,,,,,,,,,,
,,,,,,,,,,,,,,,,
,,,,,,,,,,,,,,,,
,,,,,,,,,,,,,,,,
,,,,,,,,,,,,,,,,
,,,,,,,,,,,,,,,,
,,,,,,,,,,,,,,,,
,,,,,,,,,,,,,,,,
,,,,,,,,,,,,,,,,
,,,,,,,,,,,,,,,,
,,,,,,,,,,,,,,,,
,,,,,,,,,,,,,,,,
,,,,,,,,,,,,,,,,
,,,,,,,,,,,,,,,,
,,,,,,,,,,,,,,,,
,,,,,,,,,,,,,,,,
,,,,,,,,,,,,,,,,
,,,,,,,,,,,,,,,,
,,,,,,,,,,,,,,,,
,,,,,,,,,,,,,,,,
,,,,,,,,,,,,,,,,
,,,,,,,,,,,,,,,,
,,,,,,,,,,,,,,,,
,,,,,,,,,,,,,,,,
,,,,,,,,,,,,,,,,
,,,,,,,,,,,,,,,,
,,,,,,,,,,,,,,,,
,,,,,,,,,,,,,,,,
,,,,,,,,,,,,,,,,
,,,,,,,,,,,,,,,,
,,,,,,,,,,,,,,,,
,,,,,,,,,,,,,,,,
,,,,,,,,,,,,,,,,
,,,,,,,,,,,,,,,,
,,,,,,,,,,,,,,,,
,,,,,,,,,,,,,,,,
,,,,,,,,,,,,,,,,
,,,,,,,,,,,,,,,,
,,,,,,,,,,,,,,,,
,,,,,,,,,,,,,,,,
,,,,,,,,,,,,,,,,
,,,,,,,,,,,,,,,,
,,,,,,,,,,,,,,,,
,,,,,,,,,,,,,,,,
,,,,,,,,,,,,,,,,
,,,,,,,,,,,,,,,,
,,,,,,,,,,,,,,,,
,,,,,,,,,,,,,,,,
,,,,,,,,,,,,,,,,
,,,,,,,,,,,,,,,,
,,,,,,,,,,,,,,,,
,,,,,,,,,,,,,,,,
,,,,,,,,,,,,,,,,
,,,,,,,,,,,,,,,,
,,,,,,,,,,,,,,,,
,,,,,,,,,,,,,,,,
,,,,,,,,,,,,,,,,
,,,,,,,,,,,,,,,,
,,,,,,,,,,,,,,,,
,,,,,,,,,,,,,,,,
,,,,,,,,,,,,,,,,
,,,,,,,,,,,,,,,,
,,,,,,,,,,,,,,,,
,,,,,,,,,,,,,,,,
,,,,,,,,,,,,,,,,
,,,,,,,,,,,,,,,,
,,,,,,,,,,,,,,,,
,,,,,,,,,,,,,,,,
,,,,,,,,,,,,,,,,
,,,,,,,,,,,,,,,,
,,,,,,,,,,,,,,,,
,,,,,,,,,,,,,,,,
,,,,,,,,,,,,,,,,
,,,,,,,,,,,,,,,,
,,,,,,,,,,,,,,,,
,,,,,,,,,,,,,,,,
,,,,,,,,,,,,,,,,
,,,,,,,,,,,,,,,,
,,,,,,,,,,,,,,,,
,,,,,,,,,,,,,,,,
,,,,,,,,,,,,,,,,
,,,,,,,,,,,,,,,,
,,,,,,,,,,,,,,,,
,,,,,,,,,,,,,,,,
,,,,,,,,,,,,,,,,
,,,,,,,,,,,,,,,,
,,,,,,,,,,,,,,,,
,,,,,,,,,,,,,,,,
,,,,,,,,,,,,,,,,
,,,,,,,,,,,,,,,,
,,,,,,,,,,,,,,,,
,,,,,,,,,,,,,,,,
,,,,,,,,,,,,,,,,
,,,,,,,,,,,,,,,,
,,,,,,,,,,,,,,,,
,,,,,,,,,,,,,,,,
,,,,,,,,,,,,,,,,
,,,,,,,,,,,,,,,,
,,,,,,,,,,,,,,,,
,,,,,,,,,,,,,,,,
,,,,,,,,,,,,,,,,
,,,,,,,,,,,,,,,,
,,,,,,,,,,,,,,,,
,,,,,,,,,,,,,,,,
,,,,,,,,,,,,,,,,
,,,,,,,,,,,,,,,,
,,,,,,,,,,,,,,,,
,,,,,,,,,,,,,,,,
,,,,,,,,,,,,,,,,
,,,,,,,,,,,,,,,,
,,,,,,,,,,,,,,,,
,,,,,,,,,,,,,,,,
,,,,,,,,,,,,,,,,
,,,,,,,,,,,,,,,,
,,,,,,,,,,,,,,,,
,,,,,,,,,,,,,,,,
,,,,,,,,,,,,,,,,
,,,,,,,,,,,,,,,,
,,,,,,,,,,,,,,,,
,,,,,,,,,,,,,,,,
,,,,,,,,,,,,,,,,
,,,,,,,,,,,,,,,,
,,,,,,,,,,,,,,,,
,,,,,,,,,,,,,,,,
,,,,,,,,,,,,,,,,
,,,,,,,,,,,,,,,,
,,,,,,,,,,,,,,,,
,,,,,,,,,,,,,,,,
,,,,,,,,,,,,,,,,
,,,,,,,,,,,,,,,,
,,,,,,,,,,,,,,,,
,,,,,,,,,,,,,,,,
,,,,,,,,,,,,,,,,
,,,,,,,,,,,,,,,,
,,,,,,,,,,,,,,,,
,,,,,,,,,,,,,,,,
,,,,,,,,,,,,,,,,
,,,,,,,,,,,,,,,,
,,,,,,,,,,,,,,,,
,,,,,,,,,,,,,,,,
,,,,,,,,,,,,,,,,
,,,,,,,,,,,,,,,,
,,,,,,,,,,,,,,,,
,,,,,,,,,,,,,,,,
,,,,,,,,,,,,,,,,
,,,,,,,,,,,,,,,,
,,,,,,,,,,,,,,,,
,,,,,,,,,,,,,,,,
,,,,,,,,,,,,,,,,
,,,,,,,,,,,,,,,,
,,,,,,,,,,,,,,,,
,,,,,,,,,,,,,,,,
,,,,,,,,,,,,,,,,
,,,,,,,,,,,,,,,,
,,,,,,,,,,,,,,,,
,,,,,,,,,,,,,,,,
,,,,,,,,,,,,,,,,
,,,,,,,,,,,,,,,,
,,,,,,,,,,,,,,,,
,,,,,,,,,,,,,,,,
,,,,,,,,,,,,,,,,
,,,,,,,,,,,,,,,,
,,,,,,,,,,,,,,,,
,,,,,,,,,,,,,,,,
,,,,,,,,,,,,,,,,
,,,,,,,,,,,,,,,,
,,,,,,,,,,,,,,,,
,,,,,,,,,,,,,,,,
,,,,,,,,,,,,,,,,
,,,,,,,,,,,,,,,,
,,,,,,,,,,,,,,,,
,,,,,,,,,,,,,,,,
,,,,,,,,,,,,,,,,
,,,,,,,,,,,,,,,,
,,,,,,,,,,,,,,,,
,,,,,,,,,,,,,,,,
,,,,,,,,,,,,,,,,
,,,,,,,,,,,,,,,,
,,,,,,,,,,,,,,,,
,,,,,,,,,,,,,,,,
,,,,,,,,,,,,,,,,
,,,,,,,,,,,,,,,,
,,,,,,,,,,,,,,,,
,,,,,,,,,,,,,,,,
,,,,,,,,,,,,,,,,
,,,,,,,,,,,,,,,,
,,,,,,,,,,,,,,,,
,,,,,,,,,,,,,,,,
,,,,,,,,,,,,,,,,
,,,,,,,,,,,,,,,,
,,,,,,,,,,,,,,,,
,,,,,,,,,,,,,,,,
,,,,,,,,,,,,,,,,
,,,,,,,,,,,,,,,,
,,,,,,,,,,,,,,,,
,,,,,,,,,,,,,,,,
,,,,,,,,,,,,,,,,
,,,,,,,,,,,,,,,,
,,,,,,,,,,,,,,,,
,,,,,,,,,,,,,,,,
,,,,,,,,,,,,,,,,
,,,,,,,,,,,,,,,,
,,,,,,,,,,,,,,,,
,,,,,,,,,,,,,,,,
,,,,,,,,,,,,,,,,
,,,,,,,,,,,,,,,,
,,,,,,,,,,,,,,,,
,,,,,,,,,,,,,,,,
,,,,,,,,,,,,,,,,
,,,,,,,,,,,,,,,,
,,,,,,,,,,,,,,,,
,,,,,,,,,,,,,,,,
,,,,,,,,,,,,,,,,
,,,,,,,,,,,,,,,,
,,,,,,,,,,,,,,,,
,,,,,,,,,,,,,,,,
,,,,,,,,,,,,,,,,
,,,,,,,,,,,,,,,,
,,,,,,,,,,,,,,,,
,,,,,,,,,,,,,,,,
,,,,,,,,,,,,,,,,
,,,,,,,,,,,,,,,,
,,,,,,,,,,,,,,,,
,,,,,,,,,,,,,,,,
,,,,,,,,,,,,,,,,
,,,,,,,,,,,,,,,,
,,,,,,,,,,,,,,,,
,,,,,,,,,,,,,,,,
,,,,,,,,,,,,,,,,
,,,,,,,,,,,,,,,,
,,,,,,,,,,,,,,,,
,,,,,,,,,,,,,,,,
,,,,,,,,,,,,,,,,
,,,,,,,,,,,,,,,,
,,,,,,,,,,,,,,,,
,,,,,,,,,,,,,,,,
,,,,,,,,,,,,,,,,
,,,,,,,,,,,,,,,,
,,,,,,,,,,,,,,,,
,,,,,,,,,,,,,,,,
,,,,,,,,,,,,,,,,
,,,,,,,,,,,,,,,,
,,,,,,,,,,,,,,,,
,,,,,,,,,,,,,,,,
,,,,,,,,,,,,,,,,
,,,,,,,,,,,,,,,,
,,,,,,,,,,,,,,,,
,,,,,,,,,,,,,,,,
,,,,,,,,,,,,,,,,
,,,,,,,,,,,,,,,,
,,,,,,,,,,,,,,,,
,,,,,,,,,,,,,,,,
,,,,,,,,,,,,,,,,
,,,,,,,,,,,,,,,,
,,,,,,,,,,,,,,,,
,,,,,,,,,,,,,,,,
,,,,,,,,,,,,,,,,
,,,,,,,,,,,,,,,,
,,,,,,,,,,,,,,,,
,,,,,,,,,,,,,,,,
,,,,,,,,,,,,,,,,
,,,,,,,,,,,,,,,,
,,,,,,,,,,,,,,,,
,,,,,,,,,,,,,,,,
,,,,,,,,,,,,,,,,
,,,,,,,,,,,,,,,,
,,,,,,,,,,,,,,,,
,,,,,,,,,,,,,,,,
,,,,,,,,,,,,,,,,
,,,,,,,,,,,,,,,,
,,,,,,,,,,,,,,,,
,,,,,,,,,,,,,,,,
,,,,,,,,,,,,,,,,
,,,,,,,,,,,,,,,,
,,,,,,,,,,,,,,,,
,,,,,,,,,,,,,,,,
,,,,,,,,,,,,,,,,
,,,,,,,,,,,,,,,,
,,,,,,,,,,,,,,,,
,,,,,,,,,,,,,,,,
,,,,,,,,,,,,,,,,
,,,,,,,,,,,,,,,,
,,,,,,,,,,,,,,,,
,,,,,,,,,,,,,,,,
,,,,,,,,,,,,,,,,
,,,,,,,,,,,,,,,,
,,,,,,,,,,,,,,,,
,,,,,,,,,,,,,,,,
,,,,,,,,,,,,,,,,
,,,,,,,,,,,,,,,,
,,,,,,,,,,,,,,,,
,,,,,,,,,,,,,,,,
,,,,,,,,,,,,,,,,
,,,,,,,,,,,,,,,,
,,,,,,,,,,,,,,,,
,,,,,,,,,,,,,,,,
,,,,,,,,,,,,,,,,
,,,,,,,,,,,,,,,,
,,,,,,,,,,,,,,,,
,,,,,,,,,,,,,,,,
,,,,,,,,,,,,,,,,
,,,,,,,,,,,,,,,,
,,,,,,,,,,,,,,,,
,,,,,,,,,,,,,,,,
,,,,,,,,,,,,,,,,
,,,,,,,,,,,,,,,,
,,,,,,,,,,,,,,,,
,,,,,,,,,,,,,,,,
,,,,,,,,,,,,,,,,
,,,,,,,,,,,,,,,,
,,,,,,,,,,,,,,,,
,,,,,,,,,,,,,,,,
,,,,,,,,,,,,,,,,
,,,,,,,,,,,,,,,,
,,,,,,,,,,,,,,,,
,,,,,,,,,,,,,,,,
,,,,,,,,,,,,,,,,
,,,,,,,,,,,,,,,,
,,,,,,,,,,,,,,,,
,,,,,,,,,,,,,,,,
,,,,,,,,,,,,,,,,
,,,,,,,,,,,,,,,,
,,,,,,,,,,,,,,,,
,,,,,,,,,,,,,,,,
,,,,,,,,,,,,,,,,
,,,,,,,,,,,,,,,,
,,,,,,,,,,,,,,,,
,,,,,,,,,,,,,,,,
,,,,,,,,,,,,,,,,
,,,,,,,,,,,,,,,,
,,,,,,,,,,,,,,,,
,,,,,,,,,,,,,,,,
,,,,,,,,,,,,,,,,
,,,,,,,,,,,,,,,,
,,,,,,,,,,,,,,,,
,,,,,,,,,,,,,,,,
,,,,,,,,,,,,,,,,
,,,,,,,,,,,,,,,,
,,,,,,,,,,,,,,,,
,,,,,,,,,,,,,,,,
,,,,,,,,,,,,,,,,
,,,,,,,,,,,,,,,,
,,,,,,,,,,,,,,,,
,,,,,,,,,,,,,,,,
,,,,,,,,,,,,,,,,
,,,,,,,,,,,,,,,,
,,,,,,,,,,,,,,,,
,,,,,,,,,,,,,,,,
,,,,,,,,,,,,,,,,
,,,,,,,,,,,,,,,,
,,,,,,,,,,,,,,,,
,,,,,,,,,,,,,,,,
,,,,,,,,,,,,,,,,
,,,,,,,,,,,,,,,,
,,,,,,,,,,,,,,,,
,,,,,,,,,,,,,,,,
,,,,,,,,,,,,,,,,
,,,,,,,,,,,,,,,,
,,,,,,,,,,,,,,,,
,,,,,,,,,,,,,,,,
,,,,,,,,,,,,,,,,
,,,,,,,,,,,,,,,,
,,,,,,,,,,,,,,,,
,,,,,,,,,,,,,,,,
,,,,,,,,,,,,,,,,
,,,,,,,,,,,,,,,,
,,,,,,,,,,,,,,,,
,,,,,,,,,,,,,,,,
,,,,,,,,,,,,,,,,
,,,,,,,,,,,,,,,,
,,,,,,,,,,,,,,,,
,,,,,,,,,,,,,,,,
,,,,,,,,,,,,,,,,
,,,,,,,,,,,,,,,,
,,,,,,,,,,,,,,,,
,,,,,,,,,,,,,,,,
,,,,,,,,,,,,,,,,
,,,,,,,,,,,,,,,,
,,,,,,,,,,,,,,,,
,,,,,,,,,,,,,,,,
,,,,,,,,,,,,,,,,
,,,,,,,,,,,,,,,,
,,,,,,,,,,,,,,,,
,,,,,,,,,,,,,,,,
,,,,,,,,,,,,,,,,
,,,,,,,,,,,,,,,,
,,,,,,,,,,,,,,,,
,,,,,,,,,,,,,,,,
,,,,,,,,,,,,,,,,
,,,,,,,,,,,,,,,,
,,,,,,,,,,,,,,,,
,,,,,,,,,,,,,,,,
,,,,,,,,,,,,,,,,
,,,,,,,,,,,,,,,,
,,,,,,,,,,,,,,,,
,,,,,,,,,,,,,,,,
,,,,,,,,,,,,,,,,
,,,,,,,,,,,,,,,,
,,,,,,,,,,,,,,,,
,,,,,,,,,,,,,,,,
,,,,,,,,,,,,,,,,
,,,,,,,,,,,,,,,,
,,,,,,,,,,,,,,,,
,,,,,,,,,,,,,,,,
,,,,,,,,,,,,,,,,
,,,,,,,,,,,,,,,,
,,,,,,,,,,,,,,,,
,,,,,,,,,,,,,,,,
,,,,,,,,,,,,,,,,
,,,,,,,,,,,,,,,,
,,,,,,,,,,,,,,,,
,,,,,,,,,,,,,,,,
,,,,,,,,,,,,,,,,
,,,,,,,,,,,,,,,,
,,,,,,,,,,,,,,,,
,,,,,,,,,,,,,,,,
,,,,,,,,,,,,,,,,
,,,,,,,,,,,,,,,,
,,,,,,,,,,,,,,,,
,,,,,,,,,,,,,,,,
,,,,,,,,,,,,,,,,
,,,,,,,,,,,,,,,,
,,,,,,,,,,,,,,,,
,,,,,,,,,,,,,,,,
,,,,,,,,,,,,,,,,
,,,,,,,,,,,,,,,,
,,,,,,,,,,,,,,,,
,,,,,,,,,,,,,,,,
,,,,,,,,,,,,,,,,
,,,,,,,,,,,,,,,,
,,,,,,,,,,,,,,,,
,,,,,,,,,,,,,,,,
,,,,,,,,,,,,,,,,
,,,,,,,,,,,,,,,,
,,,,,,,,,,,,,,,,
,,,,,,,,,,,,,,,,
,,,,,,,,,,,,,,,,
,,,,,,,,,,,,,,,,
,,,,,,,,,,,,,,,,
,,,,,,,,,,,,,,,,
,,,,,,,,,,,,,,,,
,,,,,,,,,,,,,,,,
,,,,,,,,,,,,,,,,
,,,,,,,,,,,,,,,,
,,,,,,,,,,,,,,,,
,,,,,,,,,,,,,,,,
,,,,,,,,,,,,,,,,
,,,,,,,,,,,,,,,,
,,,,,,,,,,,,,,,,
,,,,,,,,,,,,,,,,
,,,,,,,,,,,,,,,,
,,,,,,,,,,,,,,,,
,,,,,,,,,,,,,,,,
,,,,,,,,,,,,,,,,
,,,,,,,,,,,,,,,,
,,,,,,,,,,,,,,,,
,,,,,,,,,,,,,,,,
,,,,,,,,,,,,,,,,
,,,,,,,,,,,,,,,,
,,,,,,,,,,,,,,,,
,,,,,,,,,,,,,,,,
,,,,,,,,,,,,,,,,
,,,,,,,,,,,,,,,,
,,,,,,,,,,,,,,,,
,,,,,,,,,,,,,,,,
,,,,,,,,,,,,,,,,
,,,,,,,,,,,,,,,,
,,,,,,,,,,,,,,,,
,,,,,,,,,,,,,,,,
,,,,,,,,,,,,,,,,
,,,,,,,,,,,,,,,,
,,,,,,,,,,,,,,,,
,,,,,,,,,,,,,,,,
,,,,,,,,,,,,,,,,
,,,,,,,,,,,,,,,,
,,,,,,,,,,,,,,,,
,,,,,,,,,,,,,,,,
,,,,,,,,,,,,,,,,
,,,,,,,,,,,,,,,,
,,,,,,,,,,,,,,,,
,,,,,,,,,,,,,,,,
,,,,,,,,,,,,,,,,
,,,,,,,,,,,,,,,,
,,,,,,,,,,,,,,,,
,,,,,,,,,,,,,,,,
,,,,,,,,,,,,,,,,
,,,,,,,,,,,,,,,,
,,,,,,,,,,,,,,,,
,,,,,,,,,,,,,,,,
,,,,,,,,,,,,,,,,
,,,,,,,,,,,,,,,,
,,,,,,,,,,,,,,,,
,,,,,,,,,,,,,,,,
,,,,,,,,,,,,,,,,
,,,,,,,,,,,,,,,,
,,,,,,,,,,,,,,,,
,,,,,,,,,,,,,,,,
,,,,,,,,,,,,,,,,
,,,,,,,,,,,,,,,,
,,,,,,,,,,,,,,,,
,,,,,,,,,,,,,,,,
,,,,,,,,,,,,,,,,
,,,,,,,,,,,,,,,,
,,,,,,,,,,,,,,,,
,,,,,,,,,,,,,,,,
,,,,,,,,,,,,,,,,
,,,,,,,,,,,,,,,,
,,,,,,,,,,,,,,,,
,,,,,,,,,,,,,,,,
,,,,,,,,,,,,,,,,
,,,,,,,,,,,,,,,,
,,,,,,,,,,,,,,,,
,,,,,,,,,,,,,,,,
,,,,,,,,,,,,,,,,
,,,,,,,,,,,,,,,,
,,,,,,,,,,,,,,,,
,,,,,,,,,,,,,,,,
,,,,,,,,,,,,,,,,
,,,,,,,,,,,,,,,,
,,,,,,,,,,,,,,,,
,,,,,,,,,,,,,,,,
,,,,,,,,,,,,,,,,
,,,,,,,,,,,,,,,,
,,,,,,,,,,,,,,,,
,,,,,,,,,,,,,,,,
,,,,,,,,,,,,,,,,
,,,,,,,,,,,,,,,,
,,,,,,,,,,,,,,,,
,,,,,,,,,,,,,,,,
,,,,,,,,,,,,,,,,
,,,,,,,,,,,,,,,,
,,,,,,,,,,,,,,,,
,,,,,,,,,,,,,,,,
,,,,,,,,,,,,,,,,
,,,,,,,,,,,,,,,,
,,,,,,,,,,,,,,,,
,,,,,,,,,,,,,,,,
,,,,,,,,,,,,,,,,
,,,,,,,,,,,,,,,,
,,,,,,,,,,,,,,,,
,,,,,,,,,,,,,,,,
,,,,,,,,,,,,,,,,
,,,,,,,,,,,,,,,,
,,,,,,,,,,,,,,,,
,,,,,,,,,,,,,,,,
,,,,,,,,,,,,,,,,
,,,,,,,,,,,,,,,,
,,,,,,,,,,,,,,,,
,,,,,,,,,,,,,,,,
,,,,,,,,,,,,,,,,
,,,,,,,,,,,,,,,,
,,,,,,,,,,,,,,,,
,,,,,,,,,,,,,,,,
,,,,,,,,,,,,,,,,
,,,,,,,,,,,,,,,,
,,,,,,,,,,,,,,,,
,,,,,,,,,,,,,,,,
,,,,,,,,,,,,,,,,
,,,,,,,,,,,,,,,,
,,,,,,,,,,,,,,,,
,,,,,,,,,,,,,,,,
,,,,,,,,,,,,,,,,
,,,,,,,,,,,,,,,,
,,,,,,,,,,,,,,,,
,,,,,,,,,,,,,,,,
,,,,,,,,,,,,,,,,
,,,,,,,,,,,,,,,,
,,,,,,,,,,,,,,,,
,,,,,,,,,,,,,,,,
,,,,,,,,,,,,,,,,
,,,,,,,,,,,,,,,,
,,,,,,,,,,,,,,,,
,,,,,,,,,,,,,,,,
,,,,,,,,,,,,,,,,
,,,,,,,,,,,,,,,,
,,,,,,,,,,,,,,,,
,,,,,,,,,,,,,,,,
,,,,,,,,,,,,,,,,
,,,,,,,,,,,,,,,,
,,,,,,,,,,,,,,,,
,,,,,,,,,,,,,,,,
,,,,,,,,,,,,,,,,
,,,,,,,,,,,,,,,,
,,,,,,,,,,,,,,,,
,,,,,,,,,,,,,,,,
,,,,,,,,,,,,,,,,
,,,,,,,,,,,,,,,,
,,,,,,,,,,,,,,,,
,,,,,,,,,,,,,,,,
,,,,,,,,,,,,,,,,
,,,,,,,,,,,,,,,,
,,,,,,,,,,,,,,,,
,,,,,,,,,,,,,,,,
,,,,,,,,,,,,,,,,
,,,,,,,,,,,,,,,,
,,,,,,,,,,,,,,,,
,,,,,,,,,,,,,,,,
,,,,,,,,,,,,,,,,
,,,,,,,,,,,,,,,,
,,,,,,,,,,,,,,,,
,,,,,,,,,,,,,,,,
,,,,,,,,,,,,,,,,
,,,,,,,,,,,,,,,,
,,,,,,,,,,,,,,,,
,,,,,,,,,,,,,,,,
,,,,,,,,,,,,,,,,
,,,,,,,,,,,,,,,,
,,,,,,,,,,,,,,,,
,,,,,,,,,,,,,,,,
,,,,,,,,,,,,,,,,
,,,,,,,,,,,,,,,,
,,,,,,,,,,,,,,,,
,,,,,,,,,,,,,,,,
,,,,,,,,,,,,,,,,
,,,,,,,,,,,,,,,,
,,,,,,,,,,,,,,,,
,,,,,,,,,,,,,,,,
,,,,,,,,,,,,,,,,
,,,,,,,,,,,,,,,,
,,,,,,,,,,,,,,,,
,,,,,,,,,,,,,,,,
,,,,,,,,,,,,,,,,
,,,,,,,,,,,,,,,,
,,,,,,,,,,,,,,,,
,,,,,,,,,,,,,,,,
,,,,,,,,,,,,,,,,
,,,,,,,,,,,,,,,,
,,,,,,,,,,,,,,,,
,,,,,,,,,,,,,,,,
,,,,,,,,,,,,,,,,
,,,,,,,,,,,,,,,,
,,,,,,,,,,,,,,,,
,,,,,,,,,,,,,,,,
,,,,,,,,,,,,,,,,
,,,,,,,,,,,,,,,,
,,,,,,,,,,,,,,,,
,,,,,,,,,,,,,,,,
,,,,,,,,,,,,,,,,
,,,,,,,,,,,,,,,,
,,,,,,,,,,,,,,,,
,,,,,,,,,,,,,,,,
,,,,,,,,,,,,,,,,
,,,,,,,,,,,,,,,,
,,,,,,,,,,,,,,,,
,,,,,,,,,,,,,,,,
,,,,,,,,,,,,,,,,
,,,,,,,,,,,,,,,,
,,,,,,,,,,,,,,,,
,,,,,,,,,,,,,,,,
,,,,,,,,,,,,,,,,
,,,,,,,,,,,,,,,,
,,,,,,,,,,,,,,,,
,,,,,,,,,,,,,,,,
,,,,,,,,,,,,,,,,
,,,,,,,,,,,,,,,,
,,,,,,,,,,,,,,,,
,,,,,,,,,,,,,,,,
,,,,,,,,,,,,,,,,
,,,,,,,,,,,,,,,,
,,,,,,,,,,,,,,,,
,,,,,,,,,,,,,,,,
,,,,,,,,,,,,,,,,
,,,,,,,,,,,,,,,,
,,,,,,,,,,,,,,,,
,,,,,,,,,,,,,,,,
,,,,,,,,,,,,,,,,
,,,,,,,,,,,,,,,,
,,,,,,,,,,,,,,,,
,,,,,,,,,,,,,,,,
,,,,,,,,,,,,,,,,
,,,,,,,,,,,,,,,,
,,,,,,,,,,,,,,,,
,,,,,,,,,,,,,,,,
,,,,,,,,,,,,,,,,
,,,,,,,,,,,,,,,,
,,,,,,,,,,,,,,,,
,,,,,,,,,,,,,,,,
,,,,,,,,,,,,,,,,
,,,,,,,,,,,,,,,,
,,,,,,,,,,,,,,,,
,,,,,,,,,,,,,,,,
,,,,,,,,,,,,,,,,
,,,,,,,,,,,,,,,,
,,,,,,,,,,,,,,,,
,,,,,,,,,,,,,,,,
,,,,,,,,,,,,,,,,
,,,,,,,,,,,,,,,,
,,,,,,,,,,,,,,,,
,,,,,,,,,,,,,,,,
,,,,,,,,,,,,,,,,
,,,,,,,,,,,,,,,,
,,,,,,,,,,,,,,,,
,,,,,,,,,,,,,,,,
,,,,,,,,,,,,,,,,
,,,,,,,,,,,,,,,,
,,,,,,,,,,,,,,,,
,,,,,,,,,,,,,,,,
,,,,,,,,,,,,,,,,
,,,,,,,,,,,,,,,,
,,,,,,,,,,,,,,,,
,,,,,,,,,,,,,,,,
,,,,,,,,,,,,,,,,
,,,,,,,,,,,,,,,,
,,,,,,,,,,,,,,,,
,,,,,,,,,,,,,,,,
,,,,,,,,,,,,,,,,
,,,,,,,,,,,,,,,,
,,,,,,,,,,,,,,,,
,,,,,,,,,,,,,,,,
,,,,,,,,,,,,,,,,
,,,,,,,,,,,,,,,,
,,,,,,,,,,,,,,,,
,,,,,,,,,,,,,,,,
,,,,,,,,,,,,,,,,
,,,,,,,,,,,,,,,,
,,,,,,,,,,,,,,,,
,,,,,,,,,,,,,,,,
,,,,,,,,,,,,,,,,
,,,,,,,,,,,,,,,,
,,,,,,,,,,,,,,,,
,,,,,,,,,,,,,,,,
,,,,,,,,,,,,,,,,
,,,,,,,,,,,,,,,,
,,,,,,,,,,,,,,,,
,,,,,,,,,,,,,,,,
,,,,,,,,,,,,,,,,
,,,,,,,,,,,,,,,,
,,,,,,,,,,,,,,,,
,,,,,,,,,,,,,,,,
,,,,,,,,,,,,,,,,
,,,,,,,,,,,,,,,,
,,,,,,,,,,,,,,,,
,,,,,,,,,,,,,,,,
,,,,,,,,,,,,,,,,
,,,,,,,,,,,,,,,,
,,,,,,,,,,,,,,,,
,,,,,,,,,,,,,,,,
,,,,,,,,,,,,,,,,
,,,,,,,,,,,,,,,,
,,,,,,,,,,,,,,,,
,,,,,,,,,,,,,,,,
,,,,,,,,,,,,,,,,
,,,,,,,,,,,,,,,,
,,,,,,,,,,,,,,,,
,,,,,,,,,,,,,,,,
,,,,,,,,,,,,,,,,
,,,,,,,,,,,,,,,,
,,,,,,,,,,,,,,,,
,,,,,,,,,,,,,,,,
,,,,,,,,,,,,,,,,
,,,,,,,,,,,,,,,,
,,,,,,,,,,,,,,,,
,,,,,,,,,,,,,,,,
,,,,,,,,,,,,,,,,
,,,,,,,,,,,,,,,,
,,,,,,,,,,,,,,,,
,,,,,,,,,,,,,,,,
,,,,,,,,,,,,,,,,
,,,,,,,,,,,,,,,,
,,,,,,,,,,,,,,,,
,,,,,,,,,,,,,,,,
,,,,,,,,,,,,,,,,
,,,,,,,,,,,,,,,,
,,,,,,,,,,,,,,,,
,,,,,,,,,,,,,,,,
,,,,,,,,,,,,,,,,
,,,,,,,,,,,,,,,,
,,,,,,,,,,,,,,,,
,,,,,,,,,,,,,,,,
,,,,,,,,,,,,,,,,
,,,,,,,,,,,,,,,,
,,,,,,,,,,,,,,,,
,,,,,,,,,,,,,,,,
,,,,,,,,,,,,,,,,
,,,,,,,,,,,,,,,,
,,,,,,,,,,,,,,,,
,,,,,,,,,,,,,,,,
,,,,,,,,,,,,,,,,
,,,,,,,,,,,,,,,,
,,,,,,,,,,,,,,,,
,,,,,,,,,,,,,,,,
,,,,,,,,,,,,,,,,
,,,,,,,,,,,,,,,,
,,,,,,,,,,,,,,,,
,,,,,,,,,,,,,,,,
,,,,,,,,,,,,,,,,
,,,,,,,,,,,,,,,,
,,,,,,,,,,,,,,,,
,,,,,,,,,,,,,,,,
,,,,,,,,,,,,,,,,
,,,,,,,,,,,,,,,,
,,,,,,,,,,,,,,,,
,,,,,,,,,,,,,,,,
,,,,,,,,,,,,,,,,
,,,,,,,,,,,,,,,,
,,,,,,,,,,,,,,,,
,,,,,,,,,,,,,,,,
,,,,,,,,,,,,,,,,
,,,,,,,,,,,,,,,,
,,,,,,,,,,,,,,,,
,,,,,,,,,,,,,,,,
,,,,,,,,,,,,,,,,
,,,,,,,,,,,,,,,,
,,,,,,,,,,,,,,,,
,,,,,,,,,,,,,,,,
,,,,,,,,,,,,,,,,
,,,,,,,,,,,,,,,,
,,,,,,,,,,,,,,,,
,,,,,,,,,,,,,,,,
,,,,,,,,,,,,,,,,
,,,,,,,,,,,,,,,,
,,,,,,,,,,,,,,,,
,,,,,,,,,,,,,,,,
,,,,,,,,,,,,,,,,
,,,,,,,,,,,,,,,,
,,,,,,,,,,,,,,,,
,,,,,,,,,,,,,,,,
,,,,,,,,,,,,,,,,
,,,,,,,,,,,,,,,,
,,,,,,,,,,,,,,,,
,,,,,,,,,,,,,,,,
,,,,,,,,,,,,,,,,
,,,,,,,,,,,,,,,,
,,,,,,,,,,,,,,,,
,,,,,,,,,,,,,,,,
,,,,,,,,,,,,,,,,
,,,,,,,,,,,,,,,,
,,,,,,,,,,,,,,,,
,,,,,,,,,,,,,,,,
,,,,,,,,,,,,,,,,
,,,,,,,,,,,,,,,,
,,,,,,,,,,,,,,,,
,,,,,,,,,,,,,,,,
,,,,,,,,,,,,,,,,
,,,,,,,,,,,,,,,,
,,,,,,,,,,,,,,,,
,,,,,,,,,,,,,,,,
,,,,,,,,,,,,,,,,
,,,,,,,,,,,,,,,,
,,,,,,,,,,,,,,,,
,,,,,,,,,,,,,,,,
,,,,,,,,,,,,,,,,
,,,,,,,,,,,,,,,,
,,,,,,,,,,,,,,,,
,,,,,,,,,,,,,,,,
,,,,,,,,,,,,,,,,
,,,,,,,,,,,,,,,,
,,,,,,,,,,,,,,,,
,,,,,,,,,,,,,,,,
,,,,,,,,,,,,,,,,
,,,,,,,,,,,,,,,,
,,,,,,,,,,,,,,,,
,,,,,,,,,,,,,,,,
,,,,,,,,,,,,,,,,
,,,,,,,,,,,,,,,,
,,,,,,,,,,,,,,,,
,,,,,,,,,,,,,,,,
,,,,,,,,,,,,,,,,
,,,,,,,,,,,,,,,,
,,,,,,,,,,,,,,,,
,,,,,,,,,,,,,,,,
,,,,,,,,,,,,,,,,
,,,,,,,,,,,,,,,,
,,,,,,,,,,,,,,,,
,,,,,,,,,,,,,,,,
,,,,,,,,,,,,,,,,
,,,,,,,,,,,,,,,,
,,,,,,,,,,,,,,,,
,,,,,,,,,,,,,,,,
,,,,,,,,,,,,,,,,
,,,,,,,,,,,,,,,,
,,,,,,,,,,,,,,,,
,,,,,,,,,,,,,,,,
,,,,,,,,,,,,,,,,
,,,,,,,,,,,,,,,,
,,,,,,,,,,,,,,,,
,,,,,,,,,,,,,,,,
,,,,,,,,,,,,,,,,
,,,,,,,,,,,,,,,,
,,,,,,,,,,,,,,,,
,,,,,,,,,,,,,,,,
,,,,,,,,,,,,,,,,
,,,,,,,,,,,,,,,,
,,,,,,,,,,,,,,,,
,,,,,,,,,,,,,,,,
,,,,,,,,,,,,,,,,
,,,,,,,,,,,,,,,,
,,,,,,,,,,,,,,,,
,,,,,,,,,,,,,,,,
,,,,,,,,,,,,,,,,
,,,,,,,,,,,,,,,,
,,,,,,,,,,,,,,,,
,,,,,,,,,,,,,,,,
,,,,,,,,,,,,,,,,
,,,,,,,,,,,,,,,,
,,,,,,,,,,,,,,,,
,,,,,,,,,,,,,,,,
,,,,,,,,,,,,,,,,
,,,,,,,,,,,,,,,,
,,,,,,,,,,,,,,,,
,,,,,,,,,,,,,,,,
,,,,,,,,,,,,,,,,
,,,,,,,,,,,,,,,,
,,,,,,,,,,,,,,,,
,,,,,,,,,,,,,,,,
,,,,,,,,,,,,,,,,
,,,,,,,,,,,,,,,,
,,,,,,,,,,,,,,,,
,,,,,,,,,,,,,,,,
,,,,,,,,,,,,,,,,
,,,,,,,,,,,,,,,,
,,,,,,,,,,,,,,,,
,,,,,,,,,,,,,,,,
,,,,,,,,,,,,,,,,
,,,,,,,,,,,,,,,,
,,,,,,,,,,,,,,,,
,,,,,,,,,,,,,,,,
,,,,,,,,,,,,,,,,
,,,,,,,,,,,,,,,,
,,,,,,,,,,,,,,,,
,,,,,,,,,,,,,,,,
,,,,,,,,,,,,,,,,
,,,,,,,,,,,,,,,,
,,,,,,,,,,,,,,,,
,,,,,,,,,,,,,,,,
,,,,,,,,,,,,,,,,
,,,,,,,,,,,,,,,,
,,,,,,,,,,,,,,,,
,,,,,,,,,,,,,,,,
,,,,,,,,,,,,,,,,
,,,,,,,,,,,,,,,,
,,,,,,,,,,,,,,,,
,,,,,,,,,,,,,,,,
,,,,,,,,,,,,,,,,
,,,,,,,,,,,,,,,,
,,,,,,,,,,,,,,,,
,,,,,,,,,,,,,,,,
,,,,,,,,,,,,,,,,
,,,,,,,,,,,,,,,,
,,,,,,,,,,,,,,,,
,,,,,,,,,,,,,,,,
,,,,,,,,,,,,,,,,
,,,,,,,,,,,,,,,,
,,,,,,,,,,,,,,,,
,,,,,,,,,,,,,,,,
,,,,,,,,,,,,,,,,
,,,,,,,,,,,,,,,,
,,,,,,,,,,,,,,,,
,,,,,,,,,,,,,,,,
,,,,,,,,,,,,,,,,
,,,,,,,,,,,,,,,,
,,,,,,,,,,,,,,,,
,,,,,,,,,,,,,,,,
,,,,,,,,,,,,,,,,
,,,,,,,,,,,,,,,,
,,,,,,,,,,,,,,,,
,,,,,,,,,,,,,,,,
,,,,,,,,,,,,,,,,
,,,,,,,,,,,,,,,,
,,,,,,,,,,,,,,,,
,,,,,,,,,,,,,,,,
,,,,,,,,,,,,,,,,
,,,,,,,,,,,,,,,,
,,,,,,,,,,,,,,,,
,,,,,,,,,,,,,,,,
,,,,,,,,,,,,,,,,
,,,,,,,,,,,,,,,,
,,,,,,,,,,,,,,,,
,,,,,,,,,,,,,,,,
,,,,,,,,,,,,,,,,
,,,,,,,,,,,,,,,,
,,,,,,,,,,,,,,,,
,,,,,,,,,,,,,,,,
,,,,,,,,,,,,,,,,
,,,,,,,,,,,,,,,,
,,,,,,,,,,,,,,,,
,,,,,,,,,,,,,,,,
,,,,,,,,,,,,,,,,
,,,,,,,,,,,,,,,,
,,,,,,,,,,,,,,,,
,,,,,,,,,,,,,,,,
,,,,,,,,,,,,,,,,
,,,,,,,,,,,,,,,,
,,,,,,,,,,,,,,,,
,,,,,,,,,,,,,,,,
,,,,,,,,,,,,,,,,
,,,,,,,,,,,,,,,,
,,,,,,,,,,,,,,,,
,,,,,,,,,,,,,,,,
,,,,,,,,,,,,,,,,
,,,,,,,,,,,,,,,,
,,,,,,,,,,,,,,,,
,,,,,,,,,,,,,,,,
,,,,,,,,,,,,,,,,
,,,,,,,,,,,,,,,,
,,,,,,,,,,,,,,,,
,,,,,,,,,,,,,,,,
,,,,,,,,,,,,,,,,
,,,,,,,,,,,,,,,,
,,,,,,,,,,,,,,,,
,,,,,,,,,,,,,,,,
,,,,,,,,,,,,,,,,
,,,,,,,,,,,,,,,,
,,,,,,,,,,,,,,,,
,,,,,,,,,,,,,,,,
,,,,,,,,,,,,,,,,
,,,,,,,,,,,,,,,,
,,,,,,,,,,,,,,,,
,,,,,,,,,,,,,,,,
,,,,,,,,,,,,,,,,
,,,,,,,,,,,,,,,,
,,,,,,,,,,,,,,,,
,,,,,,,,,,,,,,,,
,,,,,,,,,,,,,,,,
,,,,,,,,,,,,,,,,
,,,,,,,,,,,,,,,,
,,,,,,,,,,,,,,,,
,,,,,,,,,,,,,,,,
,,,,,,,,,,,,,,,,
,,,,,,,,,,,,,,,,
,,,,,,,,,,,,,,,,
,,,,,,,,,,,,,,,,
,,,,,,,,,,,,,,,,
,,,,,,,,,,,,,,,,
,,,,,,,,,,,,,,,,
,,,,,,,,,,,,,,,,
,,,,,,,,,,,,,,,,
,,,,,,,,,,,,,,,,
,,,,,,,,,,,,,,,,
,,,,,,,,,,,,,,,,
,,,,,,,,,,,,,,,,
,,,,,,,,,,,,,,,,
,,,,,,,,,,,,,,,,
,,,,,,,,,,,,,,,,
,,,,,,,,,,,,,,,,
,,,,,,,,,,,,,,,,
,,,,,,,,,,,,,,,,
,,,,,,,,,,,,,,,,
,,,,,,,,,,,,,,,,
,,,,,,,,,,,,,,,,
,,,,,,,,,,,,,,,,
,,,,,,,,,,,,,,,,
,,,,,,,,,,,,,,,,
,,,,,,,,,,,,,,,,
,,,,,,,,,,,,,,,,
,,,,,,,,,,,,,,,,
,,,,,,,,,,,,,,,,
,,,,,,,,,,,,,,,,
,,,,,,,,,,,,,,,,
,,,,,,,,,,,,,,,,
,,,,,,,,,,,,,,,,
,,,,,,,,,,,,,,,,
,,,,,,,,,,,,,,,,
,,,,,,,,,,,,,,,,
,,,,,,,,,,,,,,,,
,,,,,,,,,,,,,,,,
,,,,,,,,,,,,,,,,
,,,,,,,,,,,,,,,,
,,,,,,,,,,,,,,,,
,,,,,,,,,,,,,,,,
,,,,,,,,,,,,,,,,
,,,,,,,,,,,,,,,,
,,,,,,,,,,,,,,,,
,,,,,,,,,,,,,,,,
,,,,,,,,,,,,,,,,
,,,,,,,,,,,,,,,,
,,,,,,,,,,,,,,,,
,,,,,,,,,,,,,,,,
,,,,,,,,,,,,,,,,
,,,,,,,,,,,,,,,,
,,,,,,,,,,,,,,,,
,,,,,,,,,,,,,,,,
,,,,,,,,,,,,,,,,
,,,,,,,,,,,,,,,,
,,,,,,,,,,,,,,,,
,,,,,,,,,,,,,,,,
,,,,,,,,,,,,,,,,
,,,,,,,,,,,,,,,,
,,,,,,,,,,,,,,,,
,,,,,,,,,,,,,,,,
,,,,,,,,,,,,,,,,
,,,,,,,,,,,,,,,,
,,,,,,,,,,,,,,,,
,,,,,,,,,,,,,,,,
,,,,,,,,,,,,,,,,
,,,,,,,,,,,,,,,,
,,,,,,,,,,,,,,,,
,,,,,,,,,,,,,,,,
,,,,,,,,,,,,,,,,
,,,,,,,,,,,,,,,,
,,,,,,,,,,,,,,,,
,,,,,,,,,,,,,,,,
,,,,,,,,,,,,,,,,
,,,,,,,,,,,,,,,,
,,,,,,,,,,,,,,,,
,,,,,,,,,,,,,,,,
,,,,,,,,,,,,,,,,
,,,,,,,,,,,,,,,,
,,,,,,,,,,,,,,,,
,,,,,,,,,,,,,,,,
,,,,,,,,,,,,,,,,
,,,,,,,,,,,,,,,,
,,,,,,,,,,,,,,,,
,,,,,,,,,,,,,,,,
,,,,,,,,,,,,,,,,
,,,,,,,,,,,,,,,,
,,,,,,,,,,,,,,,,
,,,,,,,,,,,,,,,,
,,,,,,,,,,,,,,,,
,,,,,,,,,,,,,,,,
,,,,,,,,,,,,,,,,
,,,,,,,,,,,,,,,,
,,,,,,,,,,,,,,,,
,,,,,,,,,,,,,,,,
,,,,,,,,,,,,,,,,
,,,,,,,,,,,,,,,,
,,,,,,,,,,,,,,,,
,,,,,,,,,,,,,,,,
,,,,,,,,,,,,,,,,
,,,,,,,,,,,,,,,,
,,,,,,,,,,,,,,,,
,,,,,,,,,,,,,,,,
,,,,,,,,,,,,,,,,
,,,,,,,,,,,,,,,,
,,,,,,,,,,,,,,,,
,,,,,,,,,,,,,,,,
,,,,,,,,,,,,,,,,
,,,,,,,,,,,,,,,,
,,,,,,,,,,,,,,,,
,,,,,,,,,,,,,,,,
,,,,,,,,,,,,,,,,
,,,,,,,,,,,,,,,,
,,,,,,,,,,,,,,,,
,,,,,,,,,,,,,,,,
,,,,,,,,,,,,,,,,
,,,,,,,,,,,,,,,,
,,,,,,,,,,,,,,,,
,,,,,,,,,,,,,,,,
,,,,,,,,,,,,,,,,
,,,,,,,,,,,,,,,,
,,,,,,,,,,,,,,,,
,,,,,,,,,,,,,,,,
,,,,,,,,,,,,,,,,
,,,,,,,,,,,,,,,,
,,,,,,,,,,,,,,,,
,,,,,,,,,,,,,,,,
,,,,,,,,,,,,,,,,
,,,,,,,,,,,,,,,,
,,,,,,,,,,,,,,,,
,,,,,,,,,,,,,,,,
,,,,,,,,,,,,,,,,
,,,,,,,,,,,,,,,,
,,,,,,,,,,,,,,,,
,,,,,,,,,,,,,,,,
,,,,,,,,,,,,,,,,
,,,,,,,,,,,,,,,,
,,,,,,,,,,,,,,,,
,,,,,,,,,,,,,,,,
,,,,,,,,,,,,,,,,
,,,,,,,,,,,,,,,,
,,,,,,,,,,,,,,,,
,,,,,,,,,,,,,,,,
,,,,,,,,,,,,,,,,
,,,,,,,,,,,,,,,,
,,,,,,,,,,,,,,,,
,,,,,,,,,,,,,,,,
,,,,,,,,,,,,,,,,
,,,,,,,,,,,,,,,,
,,,,,,,,,,,,,,,,
,,,,,,,,,,,,,,,,
,,,,,,,,,,,,,,,,
,,,,,,,,,,,,,,,,
,,,,,,,,,,,,,,,,
,,,,,,,,,,,,,,,,
,,,,,,,,,,,,,,,,
,,,,,,,,,,,,,,,,
,,,,,,,,,,,,,,,,
,,,,,,,,,,,,,,,,
,,,,,,,,,,,,,,,,
,,,,,,,,,,,,,,,,
,,,,,,,,,,,,,,,,
,,,,,,,,,,,,,,,,
,,,,,,,,,,,,,,,,
,,,,,,,,,,,,,,,,
,,,,,,,,,,,,,,,,
,,,,,,,,,,,,,,,,
,,,,,,,,,,,,,,,,
,,,,,,,,,,,,,,,,
,,,,,,,,,,,,,,,,
,,,,,,,,,,,,,,,,
,,,,,,,,,,,,,,,,
,,,,,,,,,,,,,,,,
,,,,,,,,,,,,,,,,
,,,,,,,,,,,,,,,,
,,,,,,,,,,,,,,,,
,,,,,,,,,,,,,,,,
,,,,,,,,,,,,,,,,
,,,,,,,,,,,,,,,,
,,,,,,,,,,,,,,,,
,,,,,,,,,,,,,,,,
,,,,,,,,,,,,,,,,
,,,,,,,,,,,,,,,,
,,,,,,,,,,,,,,,,
,,,,,,,,,,,,,,,,
,,,,,,,,,,,,,,,,
,,,,,,,,,,,,,,,,
,,,,,,,,,,,,,,,,
,,,,,,,,,,,,,,,,
,,,,,,,,,,,,,,,,
,,,,,,,,,,,,,,,,
,,,,,,,,,,,,,,,,
,,,,,,,,,,,,,,,,
,,,,,,,,,,,,,,,,
,,,,,,,,,,,,,,,,
,,,,,,,,,,,,,,,,
,,,,,,,,,,,,,,,,
,,,,,,,,,,,,,,,,
,,,,,,,,,,,,,,,,
,,,,,,,,,,,,,,,,
,,,,,,,,,,,,,,,,
,,,,,,,,,,,,,,,,
,,,,,,,,,,,,,,,,
,,,,,,,,,,,,,,,,
,,,,,,,,,,,,,,,,
,,,,,,,,,,,,,,,,
,,,,,,,,,,,,,,,,
,,,,,,,,,,,,,,,,
,,,,,,,,,,,,,,,,
,,,,,,,,,,,,,,,,
,,,,,,,,,,,,,,,,
,,,,,,,,,,,,,,,,
,,,,,,,,,,,,,,,,
,,,,,,,,,,,,,,,,
,,,,,,,,,,,,,,,,
,,,,,,,,,,,,,,,,
,,,,,,,,,,,,,,,,
,,,,,,,,,,,,,,,,
,,,,,,,,,,,,,,,,
,,,,,,,,,,,,,,,,
,,,,,,,,,,,,,,,,
,,,,,,,,,,,,,,,,
,,,,,,,,,,,,,,,,
,,,,,,,,,,,,,,,,
,,,,,,,,,,,,,,,,
,,,,,,,,,,,,,,,,
,,,,,,,,,,,,,,,,
,,,,,,,,,,,,,,,,
,,,,,,,,,,,,,,,,
,,,,,,,,,,,,,,,,
,,,,,,,,,,,,,,,,
,,,,,,,,,,,,,,,,
,,,,,,,,,,,,,,,,
,,,,,,,,,,,,,,,,
,,,,,,,,,,,,,,,,
,,,,,,,,,,,,,,,,
,,,,,,,,,,,,,,,,
,,,,,,,,,,,,,,,,
,,,,,,,,,,,,,,,,
,,,,,,,,,,,,,,,,
,,,,,,,,,,,,,,,,
,,,,,,,,,,,,,,,,
,,,,,,,,,,,,,,,,
,,,,,,,,,,,,,,,,
,,,,,,,,,,,,,,,,
,,,,,,,,,,,,,,,,
,,,,,,,,,,,,,,,,
,,,,,,,,,,,,,,,,
,,,,,,,,,,,,,,,,
,,,,,,,,,,,,,,,,
,,,,,,,,,,,,,,,,
,,,,,,,,,,,,,,,,
,,,,,,,,,,,,,,,,
,,,,,,,,,,,,,,,,
,,,,,,,,,,,,,,,,
,,,,,,,,,,,,,,,,
,,,,,,,,,,,,,,,,
,,,,,,,,,,,,,,,,
,,,,,,,,,,,,,,,,
,,,,,,,,,,,,,,,,
,,,,,,,,,,,,,,,,
,,,,,,,,,,,,,,,,
,,,,,,,,,,,,,,,,
,,,,,,,,,,,,,,,,
,,,,,,,,,,,,,,,,
,,,,,,,,,,,,,,,,
,,,,,,,,,,,,,,,,
,,,,,,,,,,,,,,,,
,,,,,,,,,,,,,,,,
,,,,,,,,,,,,,,,,
,,,,,,,,,,,,,,,,
,,,,,,,,,,,,,,,,
,,,,,,,,,,,,,,,,
,,,,,,,,,,,,,,,,
,,,,,,,,,,,,,,,,
,,,,,,,,,,,,,,,,
,,,,,,,,,,,,,,,,
,,,,,,,,,,,,,,,,
,,,,,,,,,,,,,,,,
,,,,,,,,,,,,,,,,
,,,,,,,,,,,,,,,,
,,,,,,,,,,,,,,,,
,,,,,,,,,,,,,,,,
,,,,,,,,,,,,,,,,
,,,,,,,,,,,,,,,,
,,,,,,,,,,,,,,,,
,,,,,,,,,,,,,,,,
,,,,,,,,,,,,,,,,
,,,,,,,,,,,,,,,,
,,,,,,,,,,,,,,,,
,,,,,,,,,,,,,,,,
,,,,,,,,,,,,,,,,
,,,,,,,,,,,,,,,,
,,,,,,,,,,,,,,,,
,,,,,,,,,,,,,,,,
,,,,,,,,,,,,,,,,
,,,,,,,,,,,,,,,,
,,,,,,,,,,,,,,,,
,,,,,,,,,,,,,,,,
,,,,,,,,,,,,,,,,
,,,,,,,,,,,,,,,,
,,,,,,,,,,,,,,,,
,,,,,,,,,,,,,,,,
,,,,,,,,,,,,,,,,
,,,,,,,,,,,,,,,,
,,,,,,,,,,,,,,,,
,,,,,,,,,,,,,,,,
,,,,,,,,,,,,,,,,
,,,,,,,,,,,,,,,,
,,,,,,,,,,,,,,,,
,,,,,,,,,,,,,,,,
,,,,,,,,,,,,,,,,
,,,,,,,,,,,,,,,,
,,,,,,,,,,,,,,,,
,,,,,,,,,,,,,,,,
,,,,,,,,,,,,,,,,
,,,,,,,,,,,,,,,,
,,,,,,,,,,,,,,,,
,,,,,,,,,,,,,,,,
,,,,,,,,,,,,,,,,
,,,,,,,,,,,,,,,,
,,,,,,,,,,,,,,,,
,,,,,,,,,,,,,,,,
,,,,,,,,,,,,,,,,
,,,,,,,,,,,,,,,,
,,,,,,,,,,,,,,,,
,,,,,,,,,,,,,,,,
,,,,,,,,,,,,,,,,
,,,,,,,,,,,,,,,,
,,,,,,,,,,,,,,,,
,,,,,,,,,,,,,,,,
,,,,,,,,,,,,,,,,
,,,,,,,,,,,,,,,,
,,,,,,,,,,,,,,,,
,,,,,,,,,,,,,,,,
,,,,,,,,,,,,,,,,
,,,,,,,,,,,,,,,,
,,,,,,,,,,,,,,,,
,,,,,,,,,,,,,,,,
,,,,,,,,,,,,,,,,
,,,,,,,,,,,,,,,,
,,,,,,,,,,,,,,,,
,,,,,,,,,,,,,,,,
,,,,,,,,,,,,,,,,
,,,,,,,,,,,,,,,,
,,,,,,,,,,,,,,,,
,,,,,,,,,,,,,,,,
,,,,,,,,,,,,,,,,
,,,,,,,,,,,,,,,,
,,,,,,,,,,,,,,,,
,,,,,,,,,,,,,,,,
,,,,,,,,,,,,,,,,
,,,,,,,,,,,,,,,,
,,,,,,,,,,,,,,,,
,,,,,,,,,,,,,,,,
,,,,,,,,,,,,,,,,
,,,,,,,,,,,,,,,,
,,,,,,,,,,,,,,,,
,,,,,,,,,,,,,,,,
,,,,,,,,,,,,,,,,
,,,,,,,,,,,,,,,,
,,,,,,,,,,,,,,,,
,,,,,,,,,,,,,,,,
,,,,,,,,,,,,,,,,
,,,,,,,,,,,,,,,,
,,,,,,,,,,,,,,,,
,,,,,,,,,,,,,,,,
,,,,,,,,,,,,,,,,
,,,,,,,,,,,,,,,,
,,,,,,,,,,,,,,,,
,,,,,,,,,,,,,,,,
,,,,,,,,,,,,,,,,
,,,,,,,,,,,,,,,,
,,,,,,,,,,,,,,,,
,,,,,,,,,,,,,,,,
,,,,,,,,,,,,,,,,
,,,,,,,,,,,,,,,,
,,,,,,,,,,,,,,,,
,,,,,,,,,,,,,,,,
,,,,,,,,,,,,,,,,
,,,,,,,,,,,,,,,,
,,,,,,,,,,,,,,,,
,,,,,,,,,,,,,,,,
,,,,,,,,,,,,,,,,
,,,,,,,,,,,,,,,,
,,,,,,,,,,,,,,,,
,,,,,,,,,,,,,,,,
,,,,,,,,,,,,,,,,
,,,,,,,,,,,,,,,,
,,,,,,,,,,,,,,,,
,,,,,,,,,,,,,,,,
,,,,,,,,,,,,,,,,
,,,,,,,,,,,,,,,,
,,,,,,,,,,,,,,,,
,,,,,,,,,,,,,,,,
,,,,,,,,,,,,,,,,
,,,,,,,,,,,,,,,,
,,,,,,,,,,,,,,,,
,,,,,,,,,,,,,,,,
,,,,,,,,,,,,,,,,
,,,,,,,,,,,,,,,,
,,,,,,,,,,,,,,,,
,,,,,,,,,,,,,,,,
,,,,,,,,,,,,,,,,
,,,,,,,,,,,,,,,,
,,,,,,,,,,,,,,,,
,,,,,,,,,,,,,,,,
,,,,,,,,,,,,,,,,
,,,,,,,,,,,,,,,,
,,,,,,,,,,,,,,,,
,,,,,,,,,,,,,,,,
,,,,,,,,,,,,,,,,
,,,,,,,,,,,,,,,,
,,,,,,,,,,,,,,,,
,,,,,,,,,,,,,,,,
,,,,,,,,,,,,,,,,
,,,,,,,,,,,,,,,,
,,,,,,,,,,,,,,,,
,,,,,,,,,,,,,,,,
,,,,,,,,,,,,,,,,
,,,,,,,,,,,,,,,,
,,,,,,,,,,,,,,,,
,,,,,,,,,,,,,,,,
,,,,,,,,,,,,,,,,
,,,,,,,,,,,,,,,,
,,,,,,,,,,,,,,,,
,,,,,,,,,,,,,,,,
,,,,,,,,,,,,,,,,
,,,,,,,,,,,,,,,,
,,,,,,,,,,,,,,,,
,,,,,,,,,,,,,,,,
,,,,,,,,,,,,,,,,
,,,,,,,,,,,,,,,,
,,,,,,,,,,,,,,,,
,,,,,,,,,,,,,,,,
,,,,,,,,,,,,,,,,
,,,,,,,,,,,,,,,,
,,,,,,,,,,,,,,,,
,,,,,,,,,,,,,,,,
,,,,,,,,,,,,,,,,
,,,,,,,,,,,,,,,,
,,,,,,,,,,,,,,,,
,,,,,,,,,,,,,,,,
,,,,,,,,,,,,,,,,
,,,,,,,,,,,,,,,,
,,,,,,,,,,,,,,,,
,,,,,,,,,,,,,,,,
,,,,,,,,,,,,,,,,
,,,,,,,,,,,,,,,,
,,,,,,,,,,,,,,,,
,,,,,,,,,,,,,,,,
,,,,,,,,,,,,,,,,
,,,,,,,,,,,,,,,,
,,,,,,,,,,,,,,,,
,,,,,,,,,,,,,,,,
,,,,,,,,,,,,,,,,
,,,,,,,,,,,,,,,,
,,,,,,,,,,,,,,,,
,,,,,,,,,,,,,,,,
,,,,,,,,,,,,,,,,
,,,,,,,,,,,,,,,,
,,,,,,,,,,,,,,,,
,,,,,,,,,,,,,,,,
,,,,,,,,,,,,,,,,
,,,,,,,,,,,,,,,,
,,,,,,,,,,,,,,,,
,,,,,,,,,,,,,,,,
,,,,,,,,,,,,,,,,
,,,,,,,,,,,,,,,,
,,,,,,,,,,,,,,,,
,,,,,,,,,,,,,,,,
,,,,,,,,,,,,,,,,
,,,,,,,,,,,,,,,,
,,,,,,,,,,,,,,,,
,,,,,,,,,,,,,,,,
,,,,,,,,,,,,,,,,
,,,,,,,,,,,,,,,,
,,,,,,,,,,,,,,,,
,,,,,,,,,,,,,,,,
,,,,,,,,,,,,,,,,
,,,,,,,,,,,,,,,,
,,,,,,,,,,,,,,,,
,,,,,,,,,,,,,,,,
,,,,,,,,,,,,,,,,
,,,,,,,,,,,,,,,,
,,,,,,,,,,,,,,,,
,,,,,,,,,,,,,,,,
,,,,,,,,,,,,,,,,
,,,,,,,,,,,,,,,,
,,,,,,,,,,,,,,,,
,,,,,,,,,,,,,,,,
,,,,,,,,,,,,,,,,
,,,,,,,,,,,,,,,,
,,,,,,,,,,,,,,,,
,,,,,,,,,,,,,,,,
,,,,,,,,,,,,,,,,
,,,,,,,,,,,,,,,,
,,,,,,,,,,,,,,,,
,,,,,,,,,,,,,,,,
,,,,,,,,,,,,,,,,
,,,,,,,,,,,,,,,,
,,,,,,,,,,,,,,,,
,,,,,,,,,,,,,,,,
,,,,,,,,,,,,,,,,
,,,,,,,,,,,,,,,,
,,,,,,,,,,,,,,,,
,,,,,,,,,,,,,,,,
,,,,,,,,,,,,,,,,
,,,,,,,,,,,,,,,,
,,,,,,,,,,,,,,,,
,,,,,,,,,,,,,,,,
,,,,,,,,,,,,,,,,
,,,,,,,,,,,,,,,,
,,,,,,,,,,,,,,,,
,,,,,,,,,,,,,,,,
,,,,,,,,,,,,,,,,
,,,,,,,,,,,,,,,,
,,,,,,,,,,,,,,,,
,,,,,,,,,,,,,,,,
,,,,,,,,,,,,,,,,
,,,,,,,,,,,,,,,,
,,,,,,,,,,,,,,,,
,,,,,,,,,,,,,,,,
,,,,,,,,,,,,,,,,
,,,,,,,,,,,,,,,,
,,,,,,,,,,,,,,,,
,,,,,,,,,,,,,,,,
,,,,,,,,,,,,,,,,
,,,,,,,,,,,,,,,,
,,,,,,,,,,,,,,,,
,,,,,,,,,,,,,,,,
,,,,,,,,,,,,,,,,
,,,,,,,,,,,,,,,,
,,,,,,,,,,,,,,,,
,,,,,,,,,,,,,,,,
,,,,,,,,,,,,,,,,
,,,,,,,,,,,,,,,,
,,,,,,,,,,,,,,,,
,,,,,,,,,,,,,,,,
,,,,,,,,,,,,,,,,
,,,,,,,,,,,,,,,,
,,,,,,,,,,,,,,,,
,,,,,,,,,,,,,,,,
,,,,,,,,,,,,,,,,
,,,,,,,,,,,,,,,,
,,,,,,,,,,,,,,,,
,,,,,,,,,,,,,,,,
,,,,,,,,,,,,,,,,
,,,,,,,,,,,,,,,,
,,,,,,,,,,,,,,,,
,,,,,,,,,,,,,,,,
,,,,,,,,,,,,,,,,
,,,,,,,,,,,,,,,,
,,,,,,,,,,,,,,,,
,,,,,,,,,,,,,,,,
,,,,,,,,,,,,,,,,
,,,,,,,,,,,,,,,,
,,,,,,,,,,,,,,,,
,,,,,,,,,,,,,,,,
,,,,,,,,,,,,,,,,
,,,,,,,,,,,,,,,,
,,,,,,,,,,,,,,,,
,,,,,,,,,,,,,,,,
,,,,,,,,,,,,,,,,
,,,,,,,,,,,,,,,,
,,,,,,,,,,,,,,,,
,,,,,,,,,,,,,,,,
,,,,,,,,,,,,,,,,
,,,,,,,,,,,,,,,,
,,,,,,,,,,,,,,,,
,,,,,,,,,,,,,,,,
,,,,,,,,,,,,,,,,
,,,,,,,,,,,,,,,,
,,,,,,,,,,,,,,,,
,,,,,,,,,,,,,,,,
,,,,,,,,,,,,,,,,
,,,,,,,,,,,,,,,,
,,,,,,,,,,,,,,,,
,,,,,,,,,,,,,,,,
,,,,,,,,,,,,,,,,
,,,,,,,,,,,,,,,,
,,,,,,,,,,,,,,,,
,,,,,,,,,,,,,,,,
,,,,,,,,,,,,,,,,
,,,,,,,,,,,,,,,,
,,,,,,,,,,,,,,,,
,,,,,,,,,,,,,,,,
,,,,,,,,,,,,,,,,
,,,,,,,,,,,,,,,,
,,,,,,,,,,,,,,,,
,,,,,,,,,,,,,,,,
,,,,,,,,,,,,,,,,
,,,,,,,,,,,,,,,,
,,,,,,,,,,,,,,,,
,,,,,,,,,,,,,,,,
,,,,,,,,,,,,,,,,
,,,,,,,,,,,,,,,,
,,,,,,,,,,,,,,,,
,,,,,,,,,,,,,,,,
,,,,,,,,,,,,,,,,
,,,,,,,,,,,,,,,,